City,Name,Cuisine,Neighborhood,Address,Website,Lat,Lon,Place_ID,Google_Maps_URL,Google_Name,OpenTableUrl
Atlanta,Yebo Beach Haus,Southern African,Buckhead,"56 E Andrews Dr NW Unit 7, Atlanta, GA 30305, USA",https://yebobeachhaus.com/,33.8429998,-84.3809992,ChIJG4N3NY8F9YgRG4qzlWEzwCE,https://maps.google.com/?cid=2432000292996483611&g_mp=Cidnb29nbGUubWFwcy5wbGFjZXMudjEuUGxhY2VzLlNlYXJjaFRleHQQAhgEIAA,Yebo Beach Haus,https://www.opentable.com/r/yebo-beach-haus-atlanta
Atlanta,The Garden Room,Contemporary American,Buckhead,"88 W Paces Ferry Rd NW, Atlanta, GA 30305, USA",https://thegardenroomatlanta.com/,33.8398483,-84.3826334,ChIJIxjn9p4F9YgRrCpi4OZ4aXU,https://maps.google.com/?cid=8460426307994528428&g_mp=Cidnb29nbGUubWFwcy5wbGFjZXMudjEuUGxhY2VzLlNlYXJjaFRleHQQAhgEIAA,The Garden Room,https://www.opentable.com/r/the-garden-room-atlanta
Atlanta,Lazy Betty,Contemporary American,Midtown,"999 Peachtree St NE Suite #140, Atlanta, GA 30309, USA",https://lazybettyatl.com/,33.7813991,-84.3836584,ChIJ00zCHiAH9YgR3l-kmURAKrM,https://maps.google.com/?cid=12910201945190588382&g_mp=Cidnb29nbGUubWFwcy5wbGFjZXMudjEuUGxhY2VzLlNlYXJjaFRleHQQAhgEIAA,Lazy Betty,https://www.opentable.com/r/lazy-betty-atlanta
Atlanta,The Alden,American,Chamblee,"5070 Peachtree Blvd Suite B-140, Chamblee, GA 30341, USA",https://www.thealdenrestaurant.com/,33.8886215,-84.3142095,ChIJcQQP0f8I9YgRcT4B7WbDPxU,https://maps.google.com/?cid=1531157245159620209&g_mp=Cidnb29nbGUubWFwcy5wbGFjZXMudjEuUGxhY2VzLlNlYXJjaFRleHQQAhgEIAA,The Alden,https://www.opentable.com/r/the-alden-chamblee
Atlanta,Little Sparrow,American,West Midtown,"1198 Howell Ml Rd #18, Atlanta, GA 30318, USA",https://littlesparrowatl.com/,33.7865629,-84.4123343,ChIJNRQAlwkF9YgReTrCZ-PLlmc,https://maps.google.com/?cid=7464377609971972729&g_mp=Cidnb29nbGUubWFwcy5wbGFjZXMudjEuUGxhY2VzLlNlYXJjaFRleHQQAhgEIAA,Little Sparrow,https://www.opentable.com/r/little-sparrow-atlanta
Atlanta,The Optimist,Seafood,West Midtown,"914 Howell Ml Rd, Atlanta, GA 30318, USA",https://www.theoptimistrestaurant.com/,33.7798135,-84.4104515,ChIJr9PpEZME9YgRYg1YifCbOw8,https://maps.google.com/?cid=1097642391593553250&g_mp=Cidnb29nbGUubWFwcy5wbGFjZXMudjEuUGxhY2VzLlNlYXJjaFRleHQQAhgEIAA,The Optimist,https://www.opentable.com/the-optimist
Atlanta,Canoe,American,Vinings,"4199 Paces Ferry Rd SE, Atlanta, GA 30339, USA",https://www.canoeatl.com/,33.85974,-84.455173,ChIJJbthuA0Q9YgRLIGtr6ZLaOU,https://maps.google.com/?cid=16530545611547443500&g_mp=Cidnb29nbGUubWFwcy5wbGFjZXMudjEuUGxhY2VzLlNlYXJjaFRleHQQAhgEIAA,Canoe,https://www.opentable.com/r/canoe-atlanta
Atlanta,Ray's on the River,Steak,Sandy Springs,"6700 Powers Ferry Rd NW, Sandy Springs, GA 30339, USA",https://raysontheriver.com/,33.900492,-84.440802,ChIJS56ZfdYR9YgRVCv-ZtCbooQ,https://maps.google.com/?cid=9557372678617049940&g_mp=Cidnb29nbGUubWFwcy5wbGFjZXMudjEuUGxhY2VzLlNlYXJjaFRleHQQAhgEIAA,Ray's on the River,https://www.opentable.com/r/rays-on-the-river-sandy-springs
Atlanta,Mujō,Japanese,West Midtown,"691 14th St NW c, Atlanta, GA 30318, USA",https://www.mujoatl.com/,33.7861591,-84.4114224,ChIJIb9pCKMF9YgRWsQF-tZOGdI,https://maps.google.com/?cid=15139218307607282778&g_mp=Cidnb29nbGUubWFwcy5wbGFjZXMudjEuUGxhY2VzLlNlYXJjaFRleHQQAhgEIAA,Mujō,https://www.opentable.com/r/mujo-atlanta
Austin,Red Ash Italia,Italian,Downtown,"Colorado Tower, 303 Colorado St #200, Austin, TX 78701, USA",https://redashgrill.com/,30.2657022,-97.7449409,ChIJWfpBiwi1RIYRvg4iIbIE2go,https://maps.google.com/?cid=781942648408772286&g_mp=Cidnb29nbGUubWFwcy5wbGFjZXMudjEuUGxhY2VzLlNlYXJjaFRleHQQAhgEIAA,Red Ash,https://www.opentable.com/r/red-ash-italia-austin
Austin,Este,Contemporary Mexican,East Austin,"2113 Manor Rd, Austin, TX 78722, USA",https://esteatx.com/,30.2839325,-97.7194787,ChIJdTGqexG1RIYRS03eNwgxz7Y,https://maps.google.com/?cid=13172801346448805195&g_mp=Cidnb29nbGUubWFwcy5wbGFjZXMudjEuUGxhY2VzLlNlYXJjaFRleHQQAhgEIAA,Este,https://www.opentable.com/r/este-austin
Austin,Comedor,Mexican,Downtown,"501 Colorado St, Austin, TX 78701, USA",https://comedortx.com/,30.2675993,-97.744164,ChIJgywubmi1RIYRQlw1yAejkGA,https://maps.google.com/?cid=6958240678106455106&g_mp=Cidnb29nbGUubWFwcy5wbGFjZXMudjEuUGxhY2VzLlNlYXJjaFRleHQQAhgEIAA,Comedor,https://www.opentable.com/r/comedor
Austin,Clark's Oyster Bar - Austin,Seafood,Clarksville,"1200 W 6th St, Austin, TX 78703, USA",https://www.clarksoysterbar.com/locations/austin,30.2729938,-97.7571715,ChIJbeqvYxO1RIYR5zZEcyfr02s,https://maps.google.com/?cid=7769812336814339815&g_mp=Cidnb29nbGUubWFwcy5wbGFjZXMudjEuUGxhY2VzLlNlYXJjaFRleHQQAhgEIAA,Clark's Oyster Bar - Austin,https://www.opentable.com/r/clarks-oyster-bar-austin
Austin,Hestia,Contemporary American,Downtown,"607 W 3rd St #105, Austin, TX 78701, USA",https://hestiaaustin.com/,30.2667619,-97.7500735,ChIJlWBjs7-1RIYRsJt0C41E558,https://maps.google.com/?cid=11522253544223972272&g_mp=Cidnb29nbGUubWFwcy5wbGFjZXMudjEuUGxhY2VzLlNlYXJjaFRleHQQAhgEIAA,Hestia,https://www.opentable.com/r/hestia-austin-2
Austin,Suerte,Contemporary Mexican,East Austin,"1800 E 6th St, Austin, TX 78702, USA",https://www.suerteatx.com/,30.2622778,-97.7232758,ChIJAQBE-7a1RIYRcZNYsxWYIUg,https://maps.google.com/?cid=5197602663932924785&g_mp=Cidnb29nbGUubWFwcy5wbGFjZXMudjEuUGxhY2VzLlNlYXJjaFRleHQQAhgEIAA,Suerte,https://www.opentable.com/r/suerte-austin
Austin,Kemuri Tatsu-ya,Barbecue,East Austin,"2713 E 2nd St, Austin, TX 78702, USA",https://kemuri-tatsuya.com/,30.253838,-97.712949,ChIJl7OoOTO0RIYRskVofJdNTzE,https://maps.google.com/?cid=3553143944041219506&g_mp=Cidnb29nbGUubWFwcy5wbGFjZXMudjEuUGxhY2VzLlNlYXJjaFRleHQQAhgEIAA,Kemuri Tatsu-Ya,https://www.opentable.com/r/kemuri-tatsu-ya-austin
Austin,La Condesa,Mexican,Downtown,"400A W 2nd St, Austin, TX 78701, USA",https://lacondesa.com/,30.2656391,-97.7477811,ChIJj9nrSA-1RIYRybO2K0NxQUo,https://maps.google.com/?cid=5350682365603001289&g_mp=Cidnb29nbGUubWFwcy5wbGFjZXMudjEuUGxhY2VzLlNlYXJjaFRleHQQAhgEIAA,La Condesa,https://www.opentable.com/la-condesa
Austin,Emmer & Rye,American,Downtown,"SkyHouse, 51 Rainey St UNIT 110, Austin, TX 78701, USA",https://www.emmerandrye.com/,30.2574194,-97.7390667,ChIJPWOnS6q1RIYRDOnUe3r5FPs,https://maps.google.com/?cid=18092359907513002252&g_mp=Cidnb29nbGUubWFwcy5wbGFjZXMudjEuUGxhY2VzLlNlYXJjaFRleHQQAhgEIAA,Emmer & Rye,https://www.opentable.com/emmer-and-rye-austin
Austin,Perla's Seafood and Oyster Bar,Seafood,South Congress,"1400 S Congress Ave, Austin, TX 78704, USA",https://perlasaustin.com/,30.2499585,-97.7500913,ChIJb7byD_20RIYRT9uoSeSUvzY,https://maps.google.com/?cid=3945035506809101135&g_mp=Cidnb29nbGUubWFwcy5wbGFjZXMudjEuUGxhY2VzLlNlYXJjaFRleHQQAhgEIAA,Perla's,https://www.opentable.com/r/perlas-seafood-and-oyster-bar-austin
Austin,OKO,Asian,East Austin,"1100 E 6th St, Austin, TX 78702, USA",https://okoaustin.com/,30.2648498,-97.7312949,ChIJw0d-LwC1RIYRRpCltdeg2og,https://maps.google.com/?cid=9861371182407061574&g_mp=Cidnb29nbGUubWFwcy5wbGFjZXMudjEuUGxhY2VzLlNlYXJjaFRleHQQAhgEIAA,OKO Austin,https://www.opentable.com/r/oko-austin
Austin,Birdie's,Farm-to-table,East Austin,"2944 E 12th St Unit A, Austin, TX 78702, USA",https://www.birdiesaustin.com/,30.2764082,-97.7045648,ChIJt-mDBwi1RIYRGqaj9MS9Zjk,https://maps.google.com/?cid=4136201961401984538&g_mp=Cidnb29nbGUubWFwcy5wbGFjZXMudjEuUGxhY2VzLlNlYXJjaFRleHQQAhgEIAA,Birdie's,https://www.opentable.com/r/birdies-austin
Austin,Nixta Taqueria,Mexican,East Austin,"2512 E 12th St, Austin, TX 78702, USA",https://nixtataqueria.com/,30.2750091,-97.7132754,ChIJhZqjqb-1RIYRUa_qnToL44k,https://maps.google.com/?cid=9935797549294858065&g_mp=Cidnb29nbGUubWFwcy5wbGFjZXMudjEuUGxhY2VzLlNlYXJjaFRleHQQAhgEIAA,Nixta Taqueria,https://www.opentable.com/r/nixta-taqueria-austin
Baltimore,The Ruxton,Steakhouse,Harbor East,"720 Aliceanna St, Baltimore, MD 21202, USA",https://theruxtonsteakhouse.com/,39.2833771,-76.6023062,ChIJ_ZJNrTsDyIkRCpsnfbfbcO0,https://maps.google.com/?cid=17109416565505760010&g_mp=Cidnb29nbGUubWFwcy5wbGFjZXMudjEuUGxhY2VzLlNlYXJjaFRleHQQAhgEIAA,The Ruxton Steakhouse,https://www.opentable.com/r/the-ruxton-baltimore
Baltimore,Azumi,Japanese,Harbor East,"725 Aliceanna St, Baltimore, MD 21202, USA",https://www.azumirestaurant.com/,39.2827766,-76.6029077,ChIJh1DOXHwDyIkRKxZW6cqsm98,https://maps.google.com/?cid=16112662079346185771&g_mp=Cidnb29nbGUubWFwcy5wbGFjZXMudjEuUGxhY2VzLlNlYXJjaFRleHQQAhgEIAA,Azumi,https://www.opentable.com/r/ouzo-bay-baltimore
Baltimore,Cypriana - Homewood,Mediterranean,Hampden,"105 W 39th St, Baltimore, MD 21210, USA",https://cypriana.com/,39.3361868,-76.6215818,ChIJWwy0uCMFyIkRVj0E94C_N7k,https://maps.google.com/?cid=13346346581356723542&g_mp=Cidnb29nbGUubWFwcy5wbGFjZXMudjEuUGxhY2VzLlNlYXJjaFRleHQQAhgEIAA,Cypriana - Baltimore,https://www.opentable.com/r/cypriana-homewood-baltimore
Baltimore,MARTA,Contemporary American,Upper Fells Point,"2127 E Pratt St, Baltimore, MD 21231, USA",https://www.martabaltimore.com/,39.2894173,-76.5862162,ChIJgf33WusFyIkR8wn68GyorB4,https://maps.google.com/?cid=2210326702984923635&g_mp=Cidnb29nbGUubWFwcy5wbGFjZXMudjEuUGxhY2VzLlNlYXJjaFRleHQQAhgEIAA,Marta Fine Food and Spirits,https://www.opentable.com/r/marta-baltimore
Baltimore,Amazonia,Peruvian,Mount Vernon Square,"920 Blagden Alley NW 2nd Floor, Washington, DC 20001, USA",https://amazoniadc.com/,38.9065162,-77.0247586,ChIJsdbOywi3t4kR4h2lslSr_6w,https://maps.google.com/?cid=12465870673847590370&g_mp=Cidnb29nbGUubWFwcy5wbGFjZXMudjEuUGxhY2VzLlNlYXJjaFRleHQQAhgEIAA,Amazonia (2nd Floor) | Causa (1st Floor),https://www.opentable.com/r/amazonia-washington
Baltimore,Dauphine's,Contemporary American,Downtown,"1100 15th St NW, Washington, DC 20005, USA",https://www.dauphinesdc.com/,38.9042719,-77.0349714,ChIJBS1Str-3t4kRHc6BoYLGD0A,https://maps.google.com/?cid=4616126407435734557&g_mp=Cidnb29nbGUubWFwcy5wbGFjZXMudjEuUGxhY2VzLlNlYXJjaFRleHQQAhgEIAA,Dauphine’s,https://www.opentable.com/r/dauphines-washington
Baltimore,Bresca,Contemporary French / American,U Street Corridor,"1906 14th St NW, Washington, DC 20009, USA",https://www.brescadc.com/,38.9158067,-77.0321954,ChIJIfKOC-i3t4kRjYSije_nwy0,https://maps.google.com/?cid=3297734368224773261&g_mp=Cidnb29nbGUubWFwcy5wbGFjZXMudjEuUGxhY2VzLlNlYXJjaFRleHQQAhgEIAA,BRESCA,https://www.opentable.com/r/bresca-washington
Baltimore,Xiquet by Danny Lledó,Spanish,Georgetown,"2404 Wisconsin Ave NW, Washington, DC 20007, USA",https://www.xiquetdl.com/,38.9212801,-77.0724259,ChIJZZNZ9Lu3t4kRsIt1tM8JHjk,https://maps.google.com/?cid=4115737897153694640&g_mp=Cidnb29nbGUubWFwcy5wbGFjZXMudjEuUGxhY2VzLlNlYXJjaFRleHQQAhgEIAA,Xiquet by Danny Lledó,https://www.opentable.com/r/xiquet-by-danny-lledo-washington
Baltimore,The Duck and the Peach,American,Capitol Hill,"300 7th St SE, Washington, DC 20003, USA",https://www.duckandpeachdc.com/,38.885751,-76.995919,ChIJW5uj0Wa5t4kRrtj5oAIzhN0,https://maps.google.com/?cid=15961939065691560110&g_mp=Cidnb29nbGUubWFwcy5wbGFjZXMudjEuUGxhY2VzLlNlYXJjaFRleHQQAhgEIAA,The Duck & The Peach,https://www.opentable.com/r/the-duck-and-the-peach-washington
Baltimore,Thip Khao,Laotian,Columbia Heights / Brightwood,"3462 14th St NW, Washington, DC 20010, USA",https://www.thipkhao.com/,38.9329915,-77.0329838,ChIJZ_aTmBjIt4kRBOOprOJHSwk,https://maps.google.com/?cid=669708008479646468&g_mp=Cidnb29nbGUubWFwcy5wbGFjZXMudjEuUGxhY2VzLlNlYXJjaFRleHQQAhgEIAA,Thip Khao Restaurant,https://www.opentable.com/r/thip-khao-washington
Baltimore,Elmina,African,U Street Corridor,"2208 14th St NW, Washington, DC 20009, USA",https://www.elminarestaurant.com/,38.9195509,-77.0323219,ChIJq0uCMQC3t4kRNvqH6Qi-XLw,https://maps.google.com/?cid=13572932322474850870&g_mp=Cidnb29nbGUubWFwcy5wbGFjZXMudjEuUGxhY2VzLlNlYXJjaFRleHQQAhgEIAA,Elmina,https://www.opentable.com/r/elmina-washington
Baltimore,Causa,Peruvian,Shaw,"920 Blagden Alley NW 1st Floor, Washington, DC 20001, USA",https://causadc.com/,38.9069113,-77.0247957,ChIJP1ej4ae3t4kRZmPbTsaTz_w,https://maps.google.com/?cid=18216941497672754022&g_mp=Cidnb29nbGUubWFwcy5wbGFjZXMudjEuUGxhY2VzLlNlYXJjaFRleHQQAhgEIAA,Causa,https://www.opentable.com/r/causa-washington
Baltimore,El Taller del Xiquet,Spanish,Georgetown,"2404 Wisconsin Ave NW 1st Floor, Washington, DC 20007, USA",https://www.eltallerdelxiquet.com/,38.9212801,-77.0724259,ChIJ_zFKIZm3t4kRQYWQ-aQ8JaY,https://maps.google.com/?cid=11972041863693632833&g_mp=Cidnb29nbGUubWFwcy5wbGFjZXMudjEuUGxhY2VzLlNlYXJjaFRleHQQAhgEIAA,El Taller del Xiquet,https://www.opentable.com/r/el-estudio-xiquet-washington
Baltimore,Service Bar,Cocktail Bar,Mount Vernon Square,"111 W Centre St, Baltimore, MD 21201, USA",https://unitybarrestaurant.com/,39.2960799,-76.6179134,ChIJczUBxtIFyIkRaY-PwPFuI9Q,https://maps.google.com/?cid=15286183544822402921&g_mp=Cidnb29nbGUubWFwcy5wbGFjZXMudjEuUGxhY2VzLlNlYXJjaFRleHQQAhgEIAA,Unity Bar & Restaurant,https://www.opentable.com/r/service-bar-washington
Boston,Grill 23 & Bar,Steak,Back Bay,"161 Berkeley St, Boston, MA 02116, USA",https://www.grill23.com/,42.3494604,-71.071962,ChIJLeKcZ3N644kRfM2CTS_nHEU,https://maps.google.com/?cid=4980109478314823036&g_mp=Cidnb29nbGUubWFwcy5wbGFjZXMudjEuUGxhY2VzLlNlYXJjaFRleHQQAhgEIAA,Grill 23 & Bar,https://www.opentable.com/r/grill-23-and-bar-boston
Boston,Bistro du Midi,French,Back Bay,"272 Boylston St, Boston, MA 02116, USA",https://www.bistrodumidi.com/,42.3519437,-71.0694912,ChIJJ730snV644kR_3x6ThKaqsw,https://maps.google.com/?cid=14747769333194849535&g_mp=Cidnb29nbGUubWFwcy5wbGFjZXMudjEuUGxhY2VzLlNlYXJjaFRleHQQAhgEIAA,Bistro du Midi,https://www.opentable.com/bistro-du-midi
Boston,The Banks Seafood and Steak,Seafood,Back Bay,"406 Stuart St, Boston, MA 02116, USA",https://thebanksboston.com/,42.3488564,-71.0740315,ChIJgzmnaXZ744kRUagK-uie150,https://maps.google.com/?cid=11373734107412080721&g_mp=Cidnb29nbGUubWFwcy5wbGFjZXMudjEuUGxhY2VzLlNlYXJjaFRleHQQAhgEIAA,The Banks Seafood and Steak,https://www.opentable.com/r/the-banks-seafood-and-steak-boston
Boston,Toro,Tapas / Small Plates,South End,"1704 Washington St, Boston, MA 02118, USA",https://www.toro-restaurant.com/,42.3369796,-71.0759234,ChIJD1bhcBV644kR2bOt1la-nKk,https://maps.google.com/?cid=12221852768954856409&g_mp=Cidnb29nbGUubWFwcy5wbGFjZXMudjEuUGxhY2VzLlNlYXJjaFRleHQQAhgEIAA,Toro,https://www.opentable.com/r/toro-boston
Boston,Mahaniyom,Thai,Brookline,"236 Washington St, Brookline, MA 02445, USA",https://www.mahaniyomboston.com/,42.3326522,-71.1188664,ChIJS03YYr9544kRqpoJvSgIyWE,https://maps.google.com/?cid=7046172063061088938&g_mp=Cidnb29nbGUubWFwcy5wbGFjZXMudjEuUGxhY2VzLlNlYXJjaFRleHQQAhgEIAA,Mahaniyom,https://www.opentable.com/r/mahaniyom-brookline
Boston,Uni,Contemporary Asian,Back Bay,"370A Commonwealth Ave, Boston, MA 02215, USA",https://uni-boston.com/,42.3486758,-71.0887998,ChIJ7_Ne2QR644kRqjaIFsBEetI,https://maps.google.com/?cid=15166510286926001834&g_mp=Cidnb29nbGUubWFwcy5wbGFjZXMudjEuUGxhY2VzLlNlYXJjaFRleHQQAhgEIAA,Uni,https://www.opentable.com/r/uni-boston
Boston,La Royal,Peruvian,Cambridge,"221 Concord Ave, Cambridge, MA 02138, USA",https://www.laroyalcambridge.com/,42.3828679,-71.1315211,ChIJw8s7xYN344kRcUwums_PIGY,https://maps.google.com/?cid=7359110281675295857&g_mp=Cidnb29nbGUubWFwcy5wbGFjZXMudjEuUGxhY2VzLlNlYXJjaFRleHQQAhgEIAA,LA ROYAL,https://www.opentable.com/r/la-royal-cambridge
Boston,Celeste,Peruvian,Somerville,"21 Bow St, Somerville, MA 02143, USA",https://celesteunionsquare.com/,42.381347,-71.0972866,ChIJnzTJNMtw44kRlkx8liK6yZU,https://maps.google.com/?cid=10793362639686487190&g_mp=Cidnb29nbGUubWFwcy5wbGFjZXMudjEuUGxhY2VzLlNlYXJjaFRleHQQAhgEIAA,Celeste,https://www.opentable.com/r/celeste-somerville
Boston,Hemenway's,Seafood,Providence,"121 S Main St, Providence, RI 02903, USA",https://www.hemenwaysrestaurant.com/,41.8242135,-71.4069133,ChIJLQjzBBZF5IkRYX_d525MaUA,https://maps.google.com/?cid=4641324930202173281&g_mp=Cidnb29nbGUubWFwcy5wbGFjZXMudjEuUGxhY2VzLlNlYXJjaFRleHQQAhgEIAA,Hemenway's Restaurant,https://www.opentable.com/hemenways
Boston,Waterman Grille,American,Providence,"4 Richmond Square, Providence, RI 02906, USA",https://www.watermangrille.com/,41.827296,-71.38099,ChIJv4HVF9Na5IkRu_n11TW9JKM,https://maps.google.com/?cid=11755728966264420795&g_mp=Cidnb29nbGUubWFwcy5wbGFjZXMudjEuUGxhY2VzLlNlYXJjaFRleHQQAhgEIAA,Waterman Grille,https://www.opentable.com/waterman-grille
Boston,Gracie's,Contemporary American,Providence,"194 Washington St, Providence, RI 02903, USA",https://graciesprov.com/,41.822057,-71.4158905,ChIJ6R7n7xJF5IkRDCmt1jFy_AI,https://maps.google.com/?cid=215172440587577612&g_mp=Cidnb29nbGUubWFwcy5wbGFjZXMudjEuUGxhY2VzLlNlYXJjaFRleHQQAhgEIAA,Gracie's,https://www.opentable.com/gracies-providence
Boston,Los Andes Restaurant,Peruvian,Providence,"903 Chalkstone Ave, Providence, RI 02908, USA",https://www.losandesri.com/,41.8332623,-71.4373663,ChIJU-2y9KVF5IkRZUJPYKz0qgw,https://maps.google.com/?cid=912810895683306085&g_mp=Cidnb29nbGUubWFwcy5wbGFjZXMudjEuUGxhY2VzLlNlYXJjaFRleHQQAhgEIAA,Los Andes,https://www.opentable.com/r/los-andes-restaurant-providence
Charleston,Oak Steakhouse - Charleston,Steakhouse,Downtown Charleston,"17 Broad St, Charleston, SC 29401, USA",https://www.oaksteakhouserestaurant.com/location/oak-steakhouse-charleston/?y_source=1_ODE4NDQwNTgtNzE1LWxvY2F0aW9uLndlYnNpdGU%3D,32.7766196,-79.9278501,ChIJo8feqg96_ogRN252YIZn2_8,https://maps.google.com/?cid=18436443326412910135&g_mp=Cidnb29nbGUubWFwcy5wbGFjZXMudjEuUGxhY2VzLlNlYXJjaFRleHQQAhgEIAA,Oak Steakhouse,https://www.opentable.com/oak-steakhouse
Charleston,Tempest,Contemporary American,Downtown Charleston,"32 N Market St Suite C, Charleston, SC 29401, USA",https://www.tempestcharleston.com/,32.7812976,-79.9276659,ChIJiUKdZs17_ogREZcxVv3eh-8,https://maps.google.com/?cid=17260009276574897937&g_mp=Cidnb29nbGUubWFwcy5wbGFjZXMudjEuUGxhY2VzLlNlYXJjaFRleHQQAhgEIAA,Tempest Charleston,https://www.opentable.com/r/tempest-charleston
Charleston,Southbound,American,Downtown Charleston,"72 Cannon St, Charleston, SC 29403, USA",https://southboundchs.com/,32.7901899,-79.9450892,ChIJoSd4pKB7_ogRLm3SMIZISNg,https://maps.google.com/?cid=15584786251697515822&g_mp=Cidnb29nbGUubWFwcy5wbGFjZXMudjEuUGxhY2VzLlNlYXJjaFRleHQQAhgEIAA,Southbound,https://www.opentable.com/r/southbound-charleston
Charleston,Ma'am Saab,Pakistani,Downtown Charleston,"251 Meeting St, Charleston, SC 29401, USA",https://maamsaabchs.com/,32.7833431,-79.9321675,ChIJXRzKDxl7_ogR-ESom4Gc2xY,https://maps.google.com/?cid=1647082169210258680&g_mp=Cidnb29nbGUubWFwcy5wbGFjZXMudjEuUGxhY2VzLlNlYXJjaFRleHQQAhgEIAA,Ma'am Saab - Restaurant & Cocktail Bar,https://www.opentable.com/r/maam-saab-charleston
Charlotte,La Belle Helene,French,Uptown,"300 S Tryon St #100, Charlotte, NC 28202, USA",https://www.labellehelenerestaurant.com/,35.2256085,-80.8457662,ChIJv9jfOvOhVogRx76kR5Bm5M4,https://maps.google.com/?cid=14908153436366487239&g_mp=Cidnb29nbGUubWFwcy5wbGFjZXMudjEuUGxhY2VzLlNlYXJjaFRleHQQAhgEIAA,La Belle Helene,https://www.opentable.com/r/la-belle-helene-charlotte-2
Charlotte,Fin & Fino - Uptown Charlotte,Seafood,Uptown,"135 Levine Avenue of the Arts #100, Charlotte, NC 28202, USA",https://www.finandfino.com/,35.2245544,-80.8482895,ChIJd2EJqy6gVogR4FHkcJtMqTY,https://maps.google.com/?cid=3938763579609862624&g_mp=Cidnb29nbGUubWFwcy5wbGFjZXMudjEuUGxhY2VzLlNlYXJjaFRleHQQAhgEIAA,Fin & Fino,https://www.opentable.com/r/fin-and-fino-uptown-charlotte
Charlotte,Customshop,Contemporary American,Elizabeth,"1601 Elizabeth Ave, Charlotte, NC 28204, USA",https://www.customshopfood.com/,35.2138889,-80.8263889,ChIJH_3-m_afVogR4njtgkS9k5Y,https://maps.google.com/?cid=10850224029217683682&g_mp=Cidnb29nbGUubWFwcy5wbGFjZXMudjEuUGxhY2VzLlNlYXJjaFRleHQQAhgEIAA,Customshop,https://www.opentable.com/r/rally-pickleball-charlotte
Charlotte,The Goodyear House,Southern,NODA,"3032 N Davidson St, Charlotte, NC 28205, USA",https://thegoodyearhouse.com/,35.2460173,-80.8071503,ChIJKYCNXs4fVIgR9uco_0Nz71E,https://maps.google.com/?cid=5904064372386883574&g_mp=Cidnb29nbGUubWFwcy5wbGFjZXMudjEuUGxhY2VzLlNlYXJjaFRleHQQAhgEIAA,The Goodyear House,https://www.opentable.com/r/the-goodyear-house-charlotte
Charlotte,Rooster's Ballantyne,American,Ballantyne,"15110 Bowl St #101, Charlotte, NC 28277, USA",https://www.roosterskitchen.com/ballantyne,35.0573504,-80.8451854,ChIJeRUUGiWdVogRllqy_o3EN-0,https://maps.google.com/?cid=17093347024850541206&g_mp=Cidnb29nbGUubWFwcy5wbGFjZXMudjEuUGxhY2VzLlNlYXJjaFRleHQQAhgEIAA,Rooster's Wood-fired Kitchen Ballantyne,https://www.opentable.com/r/roosters-wood-fired-kitchen-south-park-charlotte
Chicago,Alla Vita,Contemporary Italian,West Loop,"564 W Randolph St, Chicago, IL 60661, USA",https://www.allavitachicago.com/,41.884577,-87.6425214,ChIJEUAV9zMtDogRJbm6cdw59JE,https://maps.google.com/?cid=10517094648780601637&g_mp=Cidnb29nbGUubWFwcy5wbGFjZXMudjEuUGxhY2VzLlNlYXJjaFRleHQQAhgEIAA,Alla Vita,https://www.opentable.com/r/alla-vita-chicago
Chicago,Mott Street,Central Asian,Bucktown / Wicker Park,"1401 N Ashland Ave, Chicago, IL 60622, USA",https://mottstreetchicago.com/,41.9071223,-87.6672277,ChIJKRH5t9rSD4gRCcziAsL8HuI,https://maps.google.com/?cid=16293738412075305993&g_mp=Cidnb29nbGUubWFwcy5wbGFjZXMudjEuUGxhY2VzLlNlYXJjaFRleHQQAhgEIAA,Mott St,https://www.opentable.com/mott-street
Chicago,Akahoshi Ramen,Japanese,Logan Square,"2340 N California Ave Suite B, Chicago, IL 60647, USA",https://akahoshiramen.com/,41.9240215,-87.6975223,ChIJucBI0T7ND4gRQ5HxgIVv8B0,https://maps.google.com/?cid=2157346840695116099&g_mp=Cidnb29nbGUubWFwcy5wbGFjZXMudjEuUGxhY2VzLlNlYXJjaFRleHQQAhgEIAA,Akahoshi Ramen,https://www.opentable.com/r/akahoshi-ramen-chicago
Chicago,Mirra,Mexican,Bucktown / Wicker Park,"1954 W Armitage Ave, Chicago, IL 60622, USA",https://www.mirrachicago.com/,41.9179598,-87.6773782,ChIJ2aDnNwDTD4gRKm8jfoElHRs,https://maps.google.com/?cid=1953759051445923626&g_mp=Cidnb29nbGUubWFwcy5wbGFjZXMudjEuUGxhY2VzLlNlYXJjaFRleHQQAhgEIAA,Mirra,https://www.opentable.com/r/mirra-chicago
Chicago,Fioretta,Steakhouse,West Loop,"318 N Sangamon St, Chicago, IL 60607, USA",https://www.fiorettasteak.com/,41.8873453,-87.6511929,ChIJY_deDJotDogRdrpCfcAanrM,https://maps.google.com/?cid=12942811793146952310&g_mp=Cidnb29nbGUubWFwcy5wbGFjZXMudjEuUGxhY2VzLlNlYXJjaFRleHQQAhgEIAA,Fioretta,https://www.opentable.com/r/fioretta-chicago
Chicago,Momotaro,Japanese,West Loop,"820 W Lake St, Chicago, IL 60607, USA",https://www.momotarochicago.com/,41.885886,-87.64845,ChIJG4IdAdAsDogR1tSvuEq-QGU,https://maps.google.com/?cid=7296040624475591894&g_mp=Cidnb29nbGUubWFwcy5wbGFjZXMudjEuUGxhY2VzLlNlYXJjaFRleHQQAhgEIAA,Momotaro,https://www.opentable.com/r/momotaro-chicago
Chicago,Daisies Chicago,American,Logan Square,"2375 N Milwaukee Ave, Chicago, IL 60647, USA",https://www.daisieschicago.com/,41.9244424,-87.6996148,ChIJMbRTOnvND4gRrup6n88Rwa4,https://maps.google.com/?cid=12592365616536152750&g_mp=Cidnb29nbGUubWFwcy5wbGFjZXMudjEuUGxhY2VzLlNlYXJjaFRleHQQAhgEIAA,Daisies,https://www.opentable.com/r/daisies-chicago
Chicago,Boka,Contemporary American,Lincoln Park,"1729 N Halsted St, Chicago, IL 60614, USA",https://www.bokachicago.com/,41.9135551,-87.6480103,ChIJg7aSMj3TD4gRlHUmzqlebUI,https://maps.google.com/?cid=4786586062365816212&g_mp=Cidnb29nbGUubWFwcy5wbGFjZXMudjEuUGxhY2VzLlNlYXJjaFRleHQQAhgEIAA,Boka,https://www.opentable.com/r/boka-chicago
Chicago,avec West Loop,Mediterranean,West Loop,"615 W Randolph St, Chicago, IL 60661, USA",https://www.avecrestaurant.com/,41.8842861,-87.643401,ChIJNYrg38UsDogRP1lxJuC05hw,https://maps.google.com/?cid=2082550752516069695&g_mp=Cidnb29nbGUubWFwcy5wbGFjZXMudjEuUGxhY2VzLlNlYXJjaFRleHQQAhgEIAA,avec Restaurant,https://www.opentable.com/r/bar-avec
Chicago,Hawksmoor Chicago,Steakhouse,River North,"500 N La Salle Dr, Chicago, IL 60654, USA",https://thehawksmoor.com/us/chicago,41.8909552,-87.6330204,ChIJ1W8bZAotDogRz5PYLjgokLU,https://maps.google.com/?cid=13083001139280516047&g_mp=Cidnb29nbGUubWFwcy5wbGFjZXMudjEuUGxhY2VzLlNlYXJjaFRleHQQAhgEIAA,Hawksmoor Chicago,https://www.opentable.com/r/hawksmoor-chicago
Chicago,Brasero,Contemporary American,West Town,"1709 W Chicago Ave, Chicago, IL 60622, USA",https://www.braserochicago.com/,41.895705,-87.6702143,ChIJubDq1jItDogRirKGxOV-tC8,https://maps.google.com/?cid=3437511940900303498&g_mp=Cidnb29nbGUubWFwcy5wbGFjZXMudjEuUGxhY2VzLlNlYXJjaFRleHQQAhgEIAA,Brasero,https://www.opentable.com/r/brasero-chicago
Chicago,avec River North,Mediterranean,River North,"141 W Erie St, Chicago, IL 60654, USA",https://www.avecrestaurant.com/,41.8938571,-87.6329428,ChIJ1TvaOWYtDogRW-IvvH1x_DI,https://maps.google.com/?cid=3673936180869587547&g_mp=Cidnb29nbGUubWFwcy5wbGFjZXMudjEuUGxhY2VzLlNlYXJjaFRleHQQAhgEIAA,avec River North,https://www.opentable.com/r/avec-river-north-chicago
Chicago,Chicago Cut Steakhouse,Steakhouse,River North,"300 N La Salle Dr, Chicago, IL 60654, USA",https://www.chicagocutsteakhouse.com/,41.8880993,-87.6327417,ChIJQ8QqIbEsDogReNfi-87G-4A,https://maps.google.com/?cid=9294240848300660600&g_mp=Cidnb29nbGUubWFwcy5wbGFjZXMudjEuUGxhY2VzLlNlYXJjaFRleHQQAhgEIAA,Chicago Cut Steakhouse,https://www.opentable.com/chicago-cut-steakhouse
Chicago,Kumiko,Dining Bar,West Loop,"630 W Lake St, Chicago, IL 60661, USA",https://barkumiko.com/,41.8858561,-87.6440948,ChIJVVVFV88sDogRIs6NMpEi61s,https://maps.google.com/?cid=6623425683992202786&g_mp=Cidnb29nbGUubWFwcy5wbGFjZXMudjEuUGxhY2VzLlNlYXJjaFRleHQQAhgEIAA,Kumiko,https://www.opentable.com/r/kumiko-chicago
Chicago,Asador Bastian,Steakhouse,River North,"214 W Erie St, Chicago, IL 60654, USA",https://asadorbastian.com/,41.8940917,-87.6348275,ChIJk8Z5cdstDogRdMPc0yBZB5M,https://maps.google.com/?cid=10594534645940667252&g_mp=Cidnb29nbGUubWFwcy5wbGFjZXMudjEuUGxhY2VzLlNlYXJjaFRleHQQAhgEIAA,Asador Bastian,https://www.opentable.com/r/asador-bastian-chicago
Chicago,Thattu,Indian,Avondale,"2601 W Fletcher St, Chicago, IL 60618, USA",https://thattu.com/,41.9383958,-87.6931098,ChIJedkJ71TTD4gRpQD9D2X7Skk,https://maps.google.com/?cid=5281309924523835557&g_mp=Cidnb29nbGUubWFwcy5wbGFjZXMudjEuUGxhY2VzLlNlYXJjaFRleHQQAhgEIAA,Thattu,https://www.opentable.com/r/thattu-chicago
Chicago,The Publican,American,West Loop,"837 W Fulton Market, Chicago, IL 60607, USA",https://thepublicanrestaurant.com/,41.8866349,-87.6488498,ChIJjTtBFNAsDogR8QDi0-RQXBk,https://maps.google.com/?cid=1827424492543148273&g_mp=Cidnb29nbGUubWFwcy5wbGFjZXMudjEuUGxhY2VzLlNlYXJjaFRleHQQAhgEIAA,The Publican,https://www.opentable.com/r/the-publican-chicago
Chicago,Anelya,Ukrainian,Avondale,"3472 N Elston Ave, Chicago, IL 60618, USA",https://www.anelyarestaurant.com/menu,41.9442056,-87.7056575,ChIJX0Q0cfnND4gRQls6tng3lEQ,https://maps.google.com/?cid=4941635682725157698&g_mp=Cidnb29nbGUubWFwcy5wbGFjZXMudjEuUGxhY2VzLlNlYXJjaFRleHQQAhgEIAA,Anelya,https://www.opentable.com/r/anelya-chicago
Chicago,Bronzeville Winery,Contemporary American,Bronzeville,"4420 S Cottage Grove Ave, Chicago, IL 60653, USA",https://www.bronzevillewinery.com/,41.8142125,-87.6069522,ChIJLZ2WbDwpDogR2A7JbXKusW8,https://maps.google.com/?cid=8048405815579184856&g_mp=Cidnb29nbGUubWFwcy5wbGFjZXMudjEuUGxhY2VzLlNlYXJjaFRleHQQAhgEIAA,Bronzeville Winery,https://www.opentable.com/r/bronzeville-winery-chicago
Chicago,Valhalla,Contemporary American,Bucktown / Wicker Park,"2020 W Division St, Chicago, IL 60622, USA",https://www.valhallachicago.com/,41.9034839,-87.6782037,ChIJa3XLkmfTD4gR9cSTo_vRhqQ,https://maps.google.com/?cid=11855393947810776309&g_mp=Cidnb29nbGUubWFwcy5wbGFjZXMudjEuUGxhY2VzLlNlYXJjaFRleHQQAhgEIAA,Valhalla,https://www.opentable.com/r/valhalla
Chicago,After,Cocktail Bar,West Loop,"302 N Green St 3rd Floor, Chicago, IL 60607, USA",https://www.abarestaurants.com/,41.887005,-87.6488501,ChIJHy_uxjQtDogREgbDgcjizn8,https://maps.google.com/?cid=9209547638817621522&g_mp=Cidnb29nbGUubWFwcy5wbGFjZXMudjEuUGxhY2VzLlNlYXJjaFRleHQQAhgEIAA,Aba,https://www.opentable.com/r/sushi-san-lincoln-park-chicago
Chicago,Sepia,Contemporary American,West Loop,"123 N Jefferson St, Chicago, IL 60661, USA",https://www.sepiachicago.com/,41.8839596,-87.6425789,ChIJ_0NFbsYsDogRHqnXKkBCgs8,https://maps.google.com/?cid=14952586556187584798&g_mp=Cidnb29nbGUubWFwcy5wbGFjZXMudjEuUGxhY2VzLlNlYXJjaFRleHQQAhgEIAA,Sepia,https://www.opentable.com/r/sepia-chicago
Chicago,Mariscos San Pedro,Mexican,Pilsen,"1227 W 18th St, Chicago, IL 60608, USA",https://www.mariscossanpedro.com/,41.8578324,-87.6575108,ChIJ7TYHcfotDogRjb9lLcj17ec,https://maps.google.com/?cid=16712284032345685901&g_mp=Cidnb29nbGUubWFwcy5wbGFjZXMudjEuUGxhY2VzLlNlYXJjaFRleHQQAhgEIAA,Mariscos San Pedro,https://www.opentable.com/r/mariscos-san-pedro-chicago
Chicago,Ever,American,West Loop,"1340 W Fulton St, Chicago, IL 60607, USA",https://www.ever-restaurant.com/,41.8869314,-87.6604084,ChIJqUoVvkgtDogRLGIKXcfaiKk,https://maps.google.com/?cid=12216254539036779052&g_mp=Cidnb29nbGUubWFwcy5wbGFjZXMudjEuUGxhY2VzLlNlYXJjaFRleHQQAhgEIAA,Ever Restaurant,https://www.opentable.com/r/ever-chicago
Chicago,PERILLA Korean Steakhouse - Riverwalk,Korean,Downtown / Loop,"225 N Wabash Ave, Chicago, IL 60601, USA",https://perillachicago.com/,41.8866272,-87.6260811,ChIJbS02vOgtDogRBF0gU49SmLc,https://maps.google.com/?cid=13229414680929262852&g_mp=Cidnb29nbGUubWFwcy5wbGFjZXMudjEuUGxhY2VzLlNlYXJjaFRleHQQAhgEIAA,PERILLA steakhouse,https://www.opentable.com/r/perilla-korean-steakhouse-chicago
Chicago,Moody Tongue Brewing Company,Brewery,South Loop,"2515 S Wabash Ave, Chicago, IL 60616, USA",https://www.moodytongue.com/,41.8469335,-87.6252206,ChIJKREupjctDogRPMJ46mxncfM,https://maps.google.com/?cid=17541915741072704060&g_mp=Cidnb29nbGUubWFwcy5wbGFjZXMudjEuUGxhY2VzLlNlYXJjaFRleHQQAhgEIAA,Moody Tongue,https://www.opentable.com/r/moody-tongue-brewing-company-chicago
Chicago,Cariño,Latin American,Uptown,"4662 N Broadway, Chicago, IL 60640, USA",https://carinochicago.com/,41.966924,-87.6587572,ChIJ8USkYSzTD4gRNzwpxKgihBI,https://maps.google.com/?cid=1334229497849396279&g_mp=Cidnb29nbGUubWFwcy5wbGFjZXMudjEuUGxhY2VzLlNlYXJjaFRleHQQAhgEIAA,Cariño,https://www.opentable.com/r/carino-chicago-2
Chicago,Khmai,Cambodian,North of Foster / Rogers Park,"6580 N Sheridan Rd, Chicago, IL 60626, USA",https://khmai-fine-dining.com/,42.0023998,-87.6609823,ChIJNYq9uZXRD4gR5oWsoifO8mc,https://maps.google.com/?cid=7490275799898818022&g_mp=Cidnb29nbGUubWFwcy5wbGFjZXMudjEuUGxhY2VzLlNlYXJjaFRleHQQAhgEIAA,Khmai,https://www.opentable.com/r/khmai-chicago
Cincinnati,Mita's Restaurant,Tapas / Small Plates,Cincinnati,"501 Race St, Cincinnati, OH 45202, USA",https://www.mitas.co/,39.1011183,-84.5148646,ChIJTzanAFGxQYgRRlDI8p3yeJo,https://maps.google.com/?cid=11130913239243182150&g_mp=Cidnb29nbGUubWFwcy5wbGFjZXMudjEuUGxhY2VzLlNlYXJjaFRleHQQAhgEIAA,Chef Jose Salazar • Mita's Restaurant | Downtown Cincinnati Restaurant & Tapas,https://www.opentable.com/r/mitas-cincinnati
Cincinnati,Five Kitchen and Bar,American,Over the Rhine,"1324 Vine St, Cincinnati, OH 45202, USA",https://www.fiveonvine.com/,39.1101289,-84.5150504,ChIJadNVsqazQYgRSHroH0dpufk,https://maps.google.com/?cid=17994529540334451272&g_mp=Cidnb29nbGUubWFwcy5wbGFjZXMudjEuUGxhY2VzLlNlYXJjaFRleHQQAhgEIAA,Five Kitchen & Bar,https://www.opentable.com/r/five-kitchen-and-bar-cincinnati
Cleveland,Flour | Moreland Hills,Italian,Moreland Hills,"34205 Chagrin Blvd, Moreland Hills, OH 44022, USA",https://www.flourrestaurant.com/,41.455111,-81.443116,ChIJgd6zy0UDMYgReTzWpwDfal4,https://maps.google.com/?cid=6803495381005384825&g_mp=Cidnb29nbGUubWFwcy5wbGFjZXMudjEuUGxhY2VzLlNlYXJjaFRleHQQAhgEIAA,Flour | Moreland Hills,https://www.opentable.com/r/flour-moreland-hills
Cleveland,Blue Point Grille,Seafood,Downtown Cleveland,"700 W St Clair Ave, Cleveland, OH 44113, USA",https://www.bluepointgrille.com/,41.4996492,-81.698936,ChIJwejCoX3wMIgR0FzkNYMYRIU,https://maps.google.com/?cid=9602827257284680912&g_mp=Cidnb29nbGUubWFwcy5wbGFjZXMudjEuUGxhY2VzLlNlYXJjaFRleHQQAhgEIAA,Blue Point Grille,https://www.opentable.com/r/rosewood-grill-hudson
Cleveland,Edwins Restaurant,French,University Circle,"12383 Cedar Rd, Cleveland Heights, OH 44106, USA",https://edwinsrestaurant.org/,41.5013436,-81.5952513,ChIJKzi1lI_8MIgRsszizRO3drQ,https://maps.google.com/?cid=13003782269765340338&g_mp=Cidnb29nbGUubWFwcy5wbGFjZXMudjEuUGxhY2VzLlNlYXJjaFRleHQQAhgEIAA,EDWINS Leadership & Restaurant Institute,https://www.opentable.com/r/friars-table-cleveland
Cleveland,DANTE,American,Tremont,"2247 Professor Ave suite c, Cleveland, OH 44113, USA",https://danteboccuzzi.com/dante-tremont/,41.4816194,-81.6863606,ChIJTVUrMZ_6MIgRiO3k0K14ScA,https://maps.google.com/?cid=13855738416511380872&g_mp=Cidnb29nbGUubWFwcy5wbGFjZXMudjEuUGxhY2VzLlNlYXJjaFRleHQQAhgEIAA,Dante,https://www.opentable.com/r/dante-cleveland
Cleveland,GINKO,Sushi,Tremont,"2247 Professor Ave B, Cleveland, OH 44113, USA",,41.4815894,-81.6864412,ChIJTVUrMZ_6MIgR1MtMzz-m4wo,https://maps.google.com/?cid=784653553083665364&g_mp=Cidnb29nbGUubWFwcy5wbGFjZXMudjEuUGxhY2VzLlNlYXJjaFRleHQQAhgEIAA,Ginko Restaurant,https://www.opentable.com/r/ginko-cleveland
Columbus,Butcher & Rose,Steakhouse,Columbus,"155 E Broad St, Columbus, OH 43215, USA",https://butcherandrose.com/,39.9623403,-82.9966195,ChIJSZyElmqPOIgRJo0D-FWVDu4,https://maps.google.com/?cid=17153812227166539046&g_mp=Cidnb29nbGUubWFwcy5wbGFjZXMudjEuUGxhY2VzLlNlYXJjaFRleHQQAhgEIAA,Butcher & Rose,https://www.opentable.com/r/butcher-and-rose-columbus
Columbus,Cento – German Village,Italian,German Village,"595 S 3rd St, Columbus, OH 43215, USA",https://centogermanvillage.com/,39.9502525,-82.9957828,ChIJLxmHY3OPOIgRytHuyXYo1Ys,https://maps.google.com/?cid=10076004231970476490&g_mp=Cidnb29nbGUubWFwcy5wbGFjZXMudjEuUGxhY2VzLlNlYXJjaFRleHQQAhgEIAA,Cento,https://www.opentable.com/r/cento-german-village-columbus
Columbus,Tucci's - Dublin,Steakhouse,Dublin,"35 N High St, Dublin, OH 43017, USA",https://tuccisdublin.com/,40.1002547,-83.1144276,ChIJsQRNydOSOIgRnRd2N1W3XUw,https://maps.google.com/?cid=5502755896347203485&g_mp=Cidnb29nbGUubWFwcy5wbGFjZXMudjEuUGxhY2VzLlNlYXJjaFRleHQQAhgEIAA,Tucci's,https://www.opentable.com/r/tuccis-dublin
Columbus,Del Mar – Easton,Mediterranean,Easton,"4089 The Strand E, Columbus, OH 43219, USA",https://delmarmediterranean.com/locations-menus/columbus/,40.0526009,-82.9152778,ChIJq6pqnoeKOIgRgIjbNWTekkI,https://maps.google.com/?cid=4797141075084675200&g_mp=Cidnb29nbGUubWFwcy5wbGFjZXMudjEuUGxhY2VzLlNlYXJjaFRleHQQAhgEIAA,Del Mar,https://www.opentable.com/r/del-mar-easton
Connecticut,Esh Modern Mediterranean - Fairfield,Mediterranean,Fairfield,"1401 Kings Hwy, Fairfield, CT 06824, USA",http://eshrestaurant.com/,41.1614543,-73.2359132,ChIJD1XG0E0P6IkR_0W4bFJZBnc,https://maps.google.com/?cid=8576640750919894527&g_mp=Cidnb29nbGUubWFwcy5wbGFjZXMudjEuUGxhY2VzLlNlYXJjaFRleHQQAhgEIAA,Esh Modern Mediterranean,https://www.opentable.com/r/little-owl-west-village
Connecticut,The North Fork Table & Inn,Contemporary American,Southold,"57225 Main Rd, Southold, NY 11971, USA",https://www.northforktableandinn.com/,41.0681104,-72.4171602,ChIJaaLjCIOZ6IkRRnty_FhEhl8,https://maps.google.com/?cid=6883264229465553734&g_mp=Cidnb29nbGUubWFwcy5wbGFjZXMudjEuUGxhY2VzLlNlYXJjaFRleHQQAhgEIAA,North Fork Table & Inn,https://www.opentable.com/the-north-fork-table-and-inn
Dallas,Mister Charles,American,Knox / Henderson,"3219 Knox St Suite 170, Dallas, TX 75205, USA",https://themistercharles.com/?utm_source=gmb_site&utm_medium=organic,32.8235287,-96.7902636,ChIJ44NvXSSfToYR0Uh5qUKRvLs,https://maps.google.com/?cid=13527847096211294417&g_mp=Cidnb29nbGUubWFwcy5wbGFjZXMudjEuUGxhY2VzLlNlYXJjaFRleHQQAhgEIAA,Mister Charles,https://www.opentable.com/r/mister-charles-dallas
Dallas,José,Contemporary Mexican,Park Cities,"4931 W Lovers Ln, Dallas, TX 75209, USA",http://www.jose.mx/,32.8515498,-96.8255996,ChIJM3X8wnyeToYRxukn40yztgo,https://maps.google.com/?cid=772001528950548934&g_mp=Cidnb29nbGUubWFwcy5wbGFjZXMudjEuUGxhY2VzLlNlYXJjaFRleHQQAhgEIAA,José,https://www.opentable.com/r/jose-dallas
Dallas,Nick & Sam's Steakhouse,Steakhouse,Uptown,"3008 Maple Ave, Dallas, TX 75201, USA",http://www.nick-sams.com/,32.7984933,-96.8074407,ChIJg_4v_TOZToYRiL6IItIqa1E,https://maps.google.com/?cid=5866830021591088776&g_mp=Cidnb29nbGUubWFwcy5wbGFjZXMudjEuUGxhY2VzLlNlYXJjaFRleHQQAhgEIAA,Nick & Sam's,https://www.opentable.com/nick-and-sams-steakhouse
Dallas,Sister,Italian,Park Cities,"2808 Greenville Ave, Dallas, TX 75206, USA",http://www.sempresister.com/?utm_source=gmb_site&utm_medium=organic,32.8233578,-96.7700051,ChIJSZVFlp2fToYR242Hn9tQCk4,https://maps.google.com/?cid=5623395988930006491&g_mp=Cidnb29nbGUubWFwcy5wbGFjZXMudjEuUGxhY2VzLlNlYXJjaFRleHQQAhgEIAA,Sister Restaurant,https://www.opentable.com/r/sister-dallas
Dallas,Town Hearth,Steakhouse,Design District,"1617 Market Center Blvd, Dallas, TX 75207, USA",http://www.townhearth.com/,32.7923379,-96.8221426,ChIJofSjhE-ZToYRgUJM-JWbIrs,https://maps.google.com/?cid=13484511302718866049&g_mp=Cidnb29nbGUubWFwcy5wbGFjZXMudjEuUGxhY2VzLlNlYXJjaFRleHQQAhgEIAA,Town Hearth,https://www.opentable.com/r/town-hearth-dallas
Dallas,Tei-An,Japanese,Arts District,"1722 Routh St Suite110, Dallas, TX 75201, USA",http://www.tei-an.com/,32.792057,-96.7955047,ChIJsw_DQCaZToYRnHMnjqCAraA,https://maps.google.com/?cid=11578051644107486108&g_mp=Cidnb29nbGUubWFwcy5wbGFjZXMudjEuUGxhY2VzLlNlYXJjaFRleHQQAhgEIAA,Tei-An,https://www.opentable.com/r/tei-tei-robata-bar-dallas
Dallas,El Carlos Elegante,Mexican,West Dallas,"1400 N Riverfront Blvd, Dallas, TX 75207, USA",http://www.elcarloselegante.com/?utm_source=gmb_site&utm_medium=organic,32.7901768,-96.8199921,ChIJa8pHcmSZToYRmJREFeQyZqM,https://maps.google.com/?cid=11774154230997488792&g_mp=Cidnb29nbGUubWFwcy5wbGFjZXMudjEuUGxhY2VzLlNlYXJjaFRleHQQAhgEIAA,El Carlos Elegante,https://www.opentable.com/r/el-carlos-elegante-dallas
Denver,Tavernetta Denver,Italian,Downtown / LoDo,"1889 16th St Mall, Denver, CO 80202, USA",https://www.tavernettadenver.com/,39.7530169,-105.0019674,ChIJ5fIM0MN4bIcRb-fymS7_krs,https://maps.google.com/?cid=13516146007308691311&g_mp=Cidnb29nbGUubWFwcy5wbGFjZXMudjEuUGxhY2VzLlNlYXJjaFRleHQQAhgEIAA,Tavernetta,https://www.opentable.com/r/tavernetta-denver
Denver,Alma Fonda Fina,Contemporary Mexican,LoHi,"2556 15th St, Denver, CO 80211, USA",https://www.almalohidenver.com/,39.7580312,-105.0116729,ChIJtcachtF5bIcRZsMfPFA72Ks,https://maps.google.com/?cid=12382712391247315814&g_mp=Cidnb29nbGUubWFwcy5wbGFjZXMudjEuUGxhY2VzLlNlYXJjaFRleHQQAhgEIAA,Alma Fonda Fina,https://www.opentable.com/r/alma-fonda-fina-denver
Denver,Rioja,Mediterranean,Downtown / LoDo,"1431 Larimer St, Denver, CO 80202, USA",http://www.riojadenver.com/,39.7479417,-104.9994667,ChIJD6avbcV4bIcRTCc7gSIwm-0,https://maps.google.com/?cid=17121331333134231372&g_mp=Cidnb29nbGUubWFwcy5wbGFjZXMudjEuUGxhY2VzLlNlYXJjaFRleHQQAhgEIAA,Rioja,https://www.opentable.com/r/rioja-denver
Denver,KUMOYA,Japanese,LoHi,"2400 W 32nd Ave, Denver, CO 80211, USA",https://www.kumoyadenver.com/,39.7619216,-105.0160099,ChIJU4pNM6N5bIcRmmTR2FgPuDc,https://maps.google.com/?cid=4014975942069937306&g_mp=Cidnb29nbGUubWFwcy5wbGFjZXMudjEuUGxhY2VzLlNlYXJjaFRleHQQAhgEIAA,Kumoya - Denver,https://www.opentable.com/r/kumoya-denver
Denver,A5 Steakhouse,Steakhouse,LoHi,"1600 15th St, Denver, CO 80202, USA",https://www.a5denver.com/,39.7502674,-105.001548,ChIJHc-Fz6t5bIcR2mOREy6UcMo,https://maps.google.com/?cid=14587322118670738394&g_mp=Cidnb29nbGUubWFwcy5wbGFjZXMudjEuUGxhY2VzLlNlYXJjaFRleHQQAhgEIAA,A5 Steakhouse,https://www.opentable.com/r/a5-steakhouse-denver
Denver,Ash'Kara,Mediterranean,Highlands,"2005 W 33rd Ave, Denver, CO 80211, USA",https://www.ashkaradenver.com/,39.7633856,-105.0115857,ChIJw9FqUex4bIcRpV-3fHDv2TQ,https://maps.google.com/?cid=3808338226326232997&g_mp=Cidnb29nbGUubWFwcy5wbGFjZXMudjEuUGxhY2VzLlNlYXJjaFRleHQQAhgEIAA,Ash'Kara,https://www.opentable.com/r/ashkara-denver
Denver,BRUTØ,Contemporary American,Downtown / LoDo,"1801 Blake St, Denver, CO 80202, USA",http://brutodenver.com/,39.7527783,-104.996991,ChIJabPzMvx5bIcRuR-TMXhM1xQ,https://maps.google.com/?cid=1501753079862861753&g_mp=Cidnb29nbGUubWFwcy5wbGFjZXMudjEuUGxhY2VzLlNlYXJjaFRleHQQAhgEIAA,BRUTO,https://www.opentable.com/r/bruto-denver
Denver,Cozobi Fonda Fina,Mexican,Boulder,"909 Walnut St Suite 100, Boulder, CO 80302, USA",https://cozobifondafina.com/,40.0163804,-105.2832568,ChIJTZTpvrHta4cRNLikVfFt58I,https://maps.google.com/?cid=14044314846269585460&g_mp=Cidnb29nbGUubWFwcy5wbGFjZXMudjEuUGxhY2VzLlNlYXJjaFRleHQQAhgEIAA,Cozobi Fonda Fina,https://www.opentable.com/r/cozobi-fonda-fina-boulder
Denver,Frasca Food and Wine,Italian,Boulder,"1738 Pearl St, Boulder, CO 80302, USA",https://www.frascafoodandwine.com/,40.0192049,-105.2724745,ChIJ32ggfCnsa4cReukO2DP2hXY,https://maps.google.com/?cid=8540502970906634618&g_mp=Cidnb29nbGUubWFwcy5wbGFjZXMudjEuUGxhY2VzLlNlYXJjaFRleHQQAhgEIAA,Frasca Food and Wine,https://www.opentable.com/r/frasca-food-and-wine
Detroit,Oak & Reel,Italian,Detroit,"2921 E Grand Blvd, Detroit, MI 48202, USA",https://www.oakandreel.com/,42.3721935,-83.066938,ChIJu8KujD3TJIgR5JoETPYl14w,https://maps.google.com/?cid=10148622025070254820&g_mp=Cidnb29nbGUubWFwcy5wbGFjZXMudjEuUGxhY2VzLlNlYXJjaFRleHQQAhgEIAA,Oak & Reel,https://www.opentable.com/r/oak-and-reel-detroit
Detroit,BARDA,Steakhouse,Detroit,"4842 Grand River Ave, Detroit, MI 48208, USA",http://bardadetroit.com/,42.3485226,-83.0879866,ChIJVYrRpD3NJIgRwKe2VbG0kpc,https://maps.google.com/?cid=10921990720067119040&g_mp=Cidnb29nbGUubWFwcy5wbGFjZXMudjEuUGxhY2VzLlNlYXJjaFRleHQQAhgEIAA,BARDA,https://www.opentable.com/r/barda-detroit
Detroit,Bar Pigalle,Contemporary French / American,Detroit,"2915 John R St, Detroit, MI 48201, USA",https://www.barpigalle.com/,42.3449494,-83.0539946,ChIJH7l21QDTJIgRY_-S3ShdD5g,https://maps.google.com/?cid=10957078848513179491&g_mp=Cidnb29nbGUubWFwcy5wbGFjZXMudjEuUGxhY2VzLlNlYXJjaFRleHQQAhgEIAA,Bar Pigalle,https://www.opentable.com/r/bar-pigalle-detroit
Detroit,Baobab Fare,East African,Detroit,"6568 Woodward Ave Suite 100, Detroit, MI 48202, USA",http://www.baobabfare.com/,42.3701364,-83.0729689,ChIJGylPe3nTJIgRkpVk2bxRz0A,https://maps.google.com/?cid=4670041210149442962&g_mp=Cidnb29nbGUubWFwcy5wbGFjZXMudjEuUGxhY2VzLlNlYXJjaFRleHQQAhgEIAA,Baobab Fare,https://www.opentable.com/r/baobab-fare-detroit
Detroit,Ladder 4 Wine Bar,Contemporary European,Detroit,"3396 Vinewood St, Detroit, MI 48208, USA",https://www.ladder4winebar.com/,42.3335705,-83.0980565,ChIJd6fDd6AzO4gRbHkDHE4kjZ8,https://maps.google.com/?cid=11496885341642783084&g_mp=Cidnb29nbGUubWFwcy5wbGFjZXMudjEuUGxhY2VzLlNlYXJjaFRleHQQAhgEIAA,Ladder 4 Wine Bar,https://www.opentable.com/r/ladder-4-wine-bar-detroit
Greenville County,CAMP,American,Greenville,"2 E Broad St, Greenville, SC 29601, USA",http://campgvl.com/,34.8468004,-82.3999475,ChIJs9S-5SIxWIgRliXZ9oknX_U,https://maps.google.com/?cid=17680894135585285526&g_mp=Cidnb29nbGUubWFwcy5wbGFjZXMudjEuUGxhY2VzLlNlYXJjaFRleHQQAhgEIAA,CAMP Modern American Eatery,https://www.opentable.com/r/camp-greenville
Greenville County,Soby's,Contemporary American,Greenville,"207 S Main St, Greenville, SC 29601, USA",https://sobys.com/,34.8481778,-82.3998694,ChIJw5QEf80xWIgRyhhDirh9ikU,https://maps.google.com/?cid=5010955766950205642&g_mp=Cidnb29nbGUubWFwcy5wbGFjZXMudjEuUGxhY2VzLlNlYXJjaFRleHQQAhgEIAA,Soby's,https://www.opentable.com/sobys
Greenville County,The Lazy Goat,Mediterranean,Greenville,"170 Riverplace, Greenville, SC 29601, USA",http://www.thelazygoat.com/,34.8465611,-82.402574,ChIJXQJlvcwxWIgRXCZRupDrk2g,https://maps.google.com/?cid=7535625608354670172&g_mp=Cidnb29nbGUubWFwcy5wbGFjZXMudjEuUGxhY2VzLlNlYXJjaFRleHQQAhgEIAA,The Lazy Goat,https://www.opentable.com/the-lazy-goat
Hawaii,The Pig and the Lady,Vietnamese,Kaimuki,"3650 Waialae Ave, Honolulu, HI 96816, USA",http://thepigandthelady.com/,21.2824789,-157.7979348,ChIJf_g4jXNuAHwRxwKtprB4Ojw,https://maps.google.com/?cid=4339913891030827719&g_mp=Cidnb29nbGUubWFwcy5wbGFjZXMudjEuUGxhY2VzLlNlYXJjaFRleHQQAhgEIAA,The Pig and The Lady,https://www.opentable.com/r/the-pig-and-the-lady
Hawaii,Hau Tree,Mediterranean,Waikiki,"Lobby floor of the Kaimana Beach Hotel, 2863 Kalākaua Ave, Honolulu, HI 96815, USA",https://www.kaimana.com/dine/hau-tree/,21.2633611,-157.821257,ChIJY0Z_YG9yAHwRBqwdAqTNOxw,https://maps.google.com/?cid=2034445760981740550&g_mp=Cidnb29nbGUubWFwcy5wbGFjZXMudjEuUGxhY2VzLlNlYXJjaFRleHQQAhgEIAA,Hau Tree,https://www.opentable.com/r/hau-tree
Hawaii,MW Restaurant,Seafood,Honolulu,"888 Kapiolani Blvd, Commercial Unit, Suite 201, Honolulu, HI 96813, USA",http://mwrestaurant.com/,21.2996301,-157.8526938,ChIJTbi2IO5tAHwRz84LsCc3ec4,https://maps.google.com/?cid=14877983487591960271&g_mp=Cidnb29nbGUubWFwcy5wbGFjZXMudjEuUGxhY2VzLlNlYXJjaFRleHQQAhgEIAA,MW Restaurant,https://www.opentable.com/r/mw-restaurant-honolulu
Hawaii,Kaimuki Shokudo,Japanese,Kaimuki,"1127 11th Ave, Honolulu, HI 96816, USA",http://www.kaimukishokudo.com/,21.2822993,-157.8003227,ChIJRWhgTK1tAHwRJAcgTfGFRWs,https://maps.google.com/?cid=7729731606878881572&g_mp=Cidnb29nbGUubWFwcy5wbGFjZXMudjEuUGxhY2VzLlNlYXJjaFRleHQQAhgEIAA,Kaimuki Shokudo,https://www.opentable.com/r/kaimuki-shokudo-honolulu
Hawaii,Senia,Contemporary American,Downtown / Chinatown,"75 N King St, Honolulu, HI 96817, USA",http://www.restaurantsenia.com/,21.3113523,-157.8636231,ChIJRZadjXNuAHwRQ0l2_ic2glc,https://maps.google.com/?cid=6305661973672905027&g_mp=Cidnb29nbGUubWFwcy5wbGFjZXMudjEuUGxhY2VzLlNlYXJjaFRleHQQAhgEIAA,Senia,https://www.opentable.com/r/senia-honolulu
Hawaii,Lineage Maui,Asian,Wailea,"3750 Wailea Alanui Dr, Wailea, HI 96753, USA",https://www.lineagemaui.com/,20.6874085,-156.4398555,ChIJAVF9fnTbVHkRucKbT1NSeCg,https://maps.google.com/?cid=2916171276493767353&g_mp=Cidnb29nbGUubWFwcy5wbGFjZXMudjEuUGxhY2VzLlNlYXJjaFRleHQQAhgEIAA,Lineage,https://www.opentable.com/r/lineage-maui-wailea
Houston,Rosie Cannonball,Contemporary American,Montrose,"1620 Westheimer Rd, Houston, TX 77006, USA",https://www.rosiecannonball.com/,29.7430583,-95.4003808,ChIJxSwIIPPBQIYR14CfFqGFcr8,https://maps.google.com/?cid=13795235535505031383&g_mp=Cidnb29nbGUubWFwcy5wbGFjZXMudjEuUGxhY2VzLlNlYXJjaFRleHQQAhgEIAA,Rosie Cannonball,https://www.opentable.com/r/rosie-cannonball-houston
Houston,BCN Taste & Tradition,Spanish,Montrose,"4210 Roseland St, Houston, TX 77006, USA",http://bcnhouston.com/,29.7349267,-95.3901565,ChIJjYk683y_QIYRVaLUbeMhExI,https://maps.google.com/?cid=1302421977924149845&g_mp=Cidnb29nbGUubWFwcy5wbGFjZXMudjEuUGxhY2VzLlNlYXJjaFRleHQQAhgEIAA,BCN Taste & Tradition,https://www.opentable.com/r/bcn-taste-and-tradition
Houston,Kiran's,Indian,Upper Kirby / Shepherd Corridor,"2925 Richmond Ave. Suite 160, Houston, TX 77098, USA",http://kiranshouston.com/,29.7337915,-95.4224064,ChIJfZC_2BbBQIYRnyQ2EtjAymk,https://maps.google.com/?cid=7623117353528992927&g_mp=Cidnb29nbGUubWFwcy5wbGFjZXMudjEuUGxhY2VzLlNlYXJjaFRleHQQAhgEIAA,Kiran's,https://www.opentable.com/r/kirans-houston
Houston,Agnes and Sherman,Asian,Heights / Washington,"250 W 19th St A, Houston, TX 77008, USA",https://www.agnesandsherman.com/,29.8027222,-95.4010444,ChIJXdypGADHQIYR1mC9rCNApyA,https://maps.google.com/?cid=2352919852290498774&g_mp=Cidnb29nbGUubWFwcy5wbGFjZXMudjEuUGxhY2VzLlNlYXJjaFRleHQQAhgEIAA,Agnes and Sherman,https://www.opentable.com/r/agnes-and-sherman-houston
Houston,ChopnBlok,African,Montrose,"507 Westheimer Rd, Houston, TX 77006, USA",https://chopnblok.co/,29.7442282,-95.387676,ChIJxaMpJga_QIYR8Z1M5d9BAR4,https://maps.google.com/?cid=2162081725995064817&g_mp=Cidnb29nbGUubWFwcy5wbGFjZXMudjEuUGxhY2VzLlNlYXJjaFRleHQQAhgEIAA,ChòpnBlọk,https://www.opentable.com/r/chopnblok-houston
Houston,Brasserie 19,French,River Oaks,"1962 W Gray St, Houston, TX 77019, USA",http://brasserie19.com/,29.753421,-95.407249,ChIJ_1hXfLzAQIYRoq-Gyw9Hq2U,https://maps.google.com/?cid=7326027352012926882&g_mp=Cidnb29nbGUubWFwcy5wbGFjZXMudjEuUGxhY2VzLlNlYXJjaFRleHQQAhgEIAA,Brasserie 19,https://www.opentable.com/brasserie-19
Houston,Maximo,Mexican,W. University / Med Center,"6119 Edloe St, West University Place, TX 77005, USA",https://maximo-htx.com/,29.7161233,-95.4335901,ChIJG24ysEPBQIYR53uqcTpBvEg,https://maps.google.com/?cid=5241135785623321575&g_mp=Cidnb29nbGUubWFwcy5wbGFjZXMudjEuUGxhY2VzLlNlYXJjaFRleHQQAhgEIAA,Maximo,https://www.opentable.com/r/maximo-canteen-west-university-place
Houston,Turner's Cut,Steakhouse,Montrose,"811 Buffalo Pk Dr Suite 160, Houston, TX 77019, USA",https://www.turnerscut.com/,29.7580626,-95.4051712,ChIJOetAPNHBQIYRBAmJZOskLVI,https://maps.google.com/?cid=5921429678484687108&g_mp=Cidnb29nbGUubWFwcy5wbGFjZXMudjEuUGxhY2VzLlNlYXJjaFRleHQQAhgEIAA,Turner's Cut,https://www.opentable.com/r/turners-cut-houston
Houston,March,Mediterranean,Montrose,"1624 Westheimer Rd, Houston, TX 77006, USA",https://www.marchrestaurant.com/,29.7431485,-95.4003814,ChIJEzo-VtLBQIYRAFxlZfioQC8,https://maps.google.com/?cid=3404907103098592256&g_mp=Cidnb29nbGUubWFwcy5wbGFjZXMudjEuUGxhY2VzLlNlYXJjaFRleHQQAhgEIAA,March,https://www.opentable.com/r/march-houston
Houston,Októ,Mediterranean,Montrose,"888 Westheimer Rd Suite 119, Houston, TX 77006, USA",https://www.oktorestaurant.com/,29.7450022,-95.3902626,ChIJkZT5cgC_QIYRw6w217D-l6w,https://maps.google.com/?cid=12436688931485297859&g_mp=Cidnb29nbGUubWFwcy5wbGFjZXMudjEuUGxhY2VzLlNlYXJjaFRleHQQAhgEIAA,Okto,https://www.opentable.com/r/okto-houston
Houston,Lee's,Cocktail Bar,Southeast Houston,"5117 Kelvin Dr, Houston, TX 77005, USA",https://miltonandlees.com/,29.7195555,-95.4163497,ChIJ_1zWwK3BQIYRZTSBzmX0u2A,https://maps.google.com/?cid=6970433566379422821&g_mp=Cidnb29nbGUubWFwcy5wbGFjZXMudjEuUGxhY2VzLlNlYXJjaFRleHQQAhgEIAA,Lee's,https://www.opentable.com/r/lees-den-houston
Houston,Street To Kitchen,Thai,East End,"3401 Harrisburg Blvd Suite G, Houston, TX 77003, USA",http://www.streettokitchen.vip/,29.7487095,-95.3408187,ChIJWzyvLPC_QIYR2FaVjBujdlc,https://maps.google.com/?cid=6302404067269629656&g_mp=Cidnb29nbGUubWFwcy5wbGFjZXMudjEuUGxhY2VzLlNlYXJjaFRleHQQAhgEIAA,Street to Kitchen,https://www.opentable.com/r/street-to-kitchen-houston
Jacksonville,Midtown Table,Contemporary Italian,Baymeadows,"5016 Gate Pkwy #6, Jacksonville, FL 32256, USA",http://midtowntable.com/,30.2455937,-81.536216,ChIJAWgWLADL5YgRMGm8e84zD-A,https://maps.google.com/?cid=16145180151078742320&g_mp=Cidnb29nbGUubWFwcy5wbGFjZXMudjEuUGxhY2VzLlNlYXJjaFRleHQQAhgEIAA,Midtown Table,https://www.opentable.com/r/midtown-table-jacksonville
Jacksonville,Matthew's Restaurant,Contemporary European,Jacksonville,"2107 Hendricks Ave, Jacksonville, FL 32207, USA",http://www.matthewsrestaurant.com/,30.3039563,-81.6522607,ChIJzVGt0au35YgRRAe617X1B7c,https://maps.google.com/?cid=13188780195134965572&g_mp=Cidnb29nbGUubWFwcy5wbGFjZXMudjEuUGxhY2VzLlNlYXJjaFRleHQQAhgEIAA,Matthew's Restaurant,https://www.opentable.com/r/matthews-restaurant-jacksonville
Jacksonville,Rue Saint-Marc,Contemporary European,Jacksonville,"2103 San Marco Blvd, Jacksonville, FL 32207, USA",http://ruesaintmarc.com/,30.3038305,-81.6526879,ChIJg6DM2au35YgRw6G-lw3oAIE,https://maps.google.com/?cid=9295684775970775491&g_mp=Cidnb29nbGUubWFwcy5wbGFjZXMudjEuUGxhY2VzLlNlYXJjaFRleHQQAhgEIAA,Rue Saint Marc,https://www.opentable.com/r/rue-saint-marc-jacksonville
Kansas City,Pierpont's at Union Station,Steakhouse,Crossroads / Freight District / Boulevard,"30 W Pershing Rd, Kansas City, MO 64108, USA",https://www.pierponts.com/,39.0850273,-94.5849205,ChIJxbu2nD_wwIcRp1jUF0d0zw8,https://maps.google.com/?cid=1139257079439317159&g_mp=Cidnb29nbGUubWFwcy5wbGFjZXMudjEuUGxhY2VzLlNlYXJjaFRleHQQAhgEIAA,Pierpont's at Union Station,https://www.opentable.com/r/pierponts-at-union-station-kansas-city
Kansas City,Story,Modern European,Prairie Village,"3931 W 69th Terrace, Prairie Village, KS 66208, USA",http://www.storykc.com/,39.002052,-94.6312511,ChIJC3r8WpbuwIcRkFSAWF2cBmI,https://maps.google.com/?cid=7063504990307898512&g_mp=Cidnb29nbGUubWFwcy5wbGFjZXMudjEuUGxhY2VzLlNlYXJjaFRleHQQAhgEIAA,Story Restaurant,https://www.opentable.com/r/story-prairie-village
Kansas City,Room 39 - Midtown,Farm-to-table,Kansas City,"1719 W 39th St, Kansas City, MO 64111, USA",http://www.rm39.com/,39.0571096,-94.6059101,ChIJu5DhjCzuwIcRQ2rCFQaF7S4,https://maps.google.com/?cid=3381505156406471235&g_mp=Cidnb29nbGUubWFwcy5wbGFjZXMudjEuUGxhY2VzLlNlYXJjaFRleHQQAhgEIAA,Room 39,https://www.opentable.com/r/room-39-midtown-kansas-city
Kansas City,JJ's Restaurant,American,Plaza / Brookside,"4810 Roanoke Pkwy, Kansas City, MO 64112, USA",https://jjsrestaurantkc.com/,39.0405106,-94.5976974,ChIJi_qffrbvwIcRYJ9RR9bvWjk,https://maps.google.com/?cid=4132879311664422752&g_mp=Cidnb29nbGUubWFwcy5wbGFjZXMudjEuUGxhY2VzLlNlYXJjaFRleHQQAhgEIAA,JJ's Restaurant,https://www.opentable.com/r/jjs-restaurant-kansas-city
Las Vegas,Nobu - Caesars Palace Las Vegas,Japanese,Caesars Palace,"3570 Las Vegas Blvd S, Las Vegas, NV 89109, USA",https://www.caesars.com/caesars-palace/restaurants/nobu?utm_campaign=gmb&utm_source=goolge&utm_medium=local&utm_term=CLV18&utm_content=restaurant&y_source=1_NDM2Njg3NC03MTUtbG9jYXRpb24ud2Vic2l0ZQ%3D%3D,36.116849,-115.1753099,ChIJAXK2ZzvEyIAR2ZN4cdxmSjQ,https://maps.google.com/?cid=3767937135231407065&g_mp=Cidnb29nbGUubWFwcy5wbGFjZXMudjEuUGxhY2VzLlNlYXJjaFRleHQQAhgEIAA,Nobu Restaurant Las Vegas,https://www.opentable.com/nobu-caesars-palace-las-vegas
Las Vegas,Hell's Kitchen - Caesars Palace Las Vegas,American,Caesars Palace,"3570 Las Vegas Blvd S, Las Vegas, NV 89109, USA",https://www.caesars.com/caesars-palace/restaurants/gordon-ramsay-hells-kitchen?utm_campaign=gmb&utm_source=goolge&utm_medium=local&utm_term=CLV101&utm_content=restaurant&y_source=1_ODkwODg0NC03MTUtbG9jYXRpb24ud2Vic2l0ZQ%3D%3D,36.1157296,-115.1732321,ChIJj_wiEzvEyIARS5qTRmnig3Y,https://maps.google.com/?cid=8539918260208114251&g_mp=Cidnb29nbGUubWFwcy5wbGFjZXMudjEuUGxhY2VzLlNlYXJjaFRleHQQAhgEIAA,Gordon Ramsay Hell's Kitchen,https://www.opentable.com/r/hells-kitchen-caesars-palace-las-vegas
Las Vegas,Vanderpump à Paris,French American,Paris Hotel and Casino,"3655 S Las Vegas Blvd, Las Vegas, NV 89109, USA",https://www.caesars.com/paris-las-vegas/restaurants/vanderpump-a-paris?utm_campaign=gmb&utm_source=goolge&utm_medium=local&utm_term=PLV64&utm_content=restaurant&y_source=1_MzQ5MjUzNDUtNzE1LWxvY2F0aW9uLndlYnNpdGU%3D,36.1122926,-115.1707358,ChIJ0c1w6A_FyIARqVIxZ8KnpLo,https://maps.google.com/?cid=13449058840631923369&g_mp=Cidnb29nbGUubWFwcy5wbGFjZXMudjEuUGxhY2VzLlNlYXJjaFRleHQQAhgEIAA,Vanderpump à Paris,https://www.opentable.com/r/vanderpump-a-paris-las-vegas
Las Vegas,Top of the World Steakhouse - The STRAT Hotel Casino & Tower,Steakhouse,The STRAT Hotel & Casino,"2000 Las Vegas Blvd S, Las Vegas, NV 89104, USA",https://www.thestrat.com/restaurants/top-of-the-world?utm_source=gmb&utm_medium=yext,36.1474451,-115.1556886,ChIJEbZyKojDyIARhuyL6Pr0OJs,https://maps.google.com/?cid=11184959033055112326&g_mp=Cidnb29nbGUubWFwcy5wbGFjZXMudjEuUGxhY2VzLlNlYXJjaFRleHQQAhgEIAA,Top of the World,https://www.opentable.com/r/top-of-the-world-restaurant-the-strat-hotel-casino-and-tower-las-vegas
Las Vegas,Esther's Kitchen,Italian,Downtown,"1131 S Main St, Las Vegas, NV 89104, USA",https://www.estherslv.com/,36.1576619,-115.1533825,ChIJ44w1UIXDyIAR4Gj6uVkFoPY,https://maps.google.com/?cid=17771210012534401248&g_mp=Cidnb29nbGUubWFwcy5wbGFjZXMudjEuUGxhY2VzLlNlYXJjaFRleHQQAhgEIAA,Esther's Kitchen,https://www.opentable.com/r/esthers-kitchen-las-vegas
Las Vegas,Momofuku Las Vegas,American,The Strip,"Boulevard Tower, 3708 Las Vegas Blvd S Level 2, Las Vegas, NV 89109, USA",https://cosmopolitanlasvegas.mgmresorts.com/en/restaurants/momofuku.html,36.1101282,-115.1741403,ChIJr5_NOTrEyIARarIe98SXxdw,https://maps.google.com/?cid=15908288130971513450&g_mp=Cidnb29nbGUubWFwcy5wbGFjZXMudjEuUGxhY2VzLlNlYXJjaFRleHQQAhgEIAA,Momofuku,https://www.opentable.com/r/momofuku-las-vegas
Las Vegas,Harlo Steakhouse & Bar,Steakhouse,Summerlin,"1720 Festival Plaza Dr, Las Vegas, NV 89135, USA",https://www.harlosteak.com/,36.1528861,-115.3331694,ChIJg1V4DhG_yIARpWmLqwL00NA,https://maps.google.com/?cid=15046794647349979557&g_mp=Cidnb29nbGUubWFwcy5wbGFjZXMudjEuUGxhY2VzLlNlYXJjaFRleHQQAhgEIAA,Harlo Steakhouse & Bar,https://www.opentable.com/r/harlo-las-vegas
Las Vegas,La Strega,Italian,Spring Valley,"3555 S Town Center Dr Ste 105, Las Vegas, NV 89135, USA",https://www.lastregalv.com/,36.1248532,-115.3251967,ChIJq6r6_SO_yIARgWd5CR3H1Og,https://maps.google.com/?cid=16777253439388870529&g_mp=Cidnb29nbGUubWFwcy5wbGFjZXMudjEuUGxhY2VzLlNlYXJjaFRleHQQAhgEIAA,La Strega,https://www.opentable.com/r/la-strega-las-vegs
Los Angeles,Dunsmoor,American,Eagle Rock,"3501 Eagle Rock Blvd, Los Angeles, CA 90065, USA",https://www.dunsmoor.la/,34.1159968,-118.2359552,ChIJQxbwUsHBwoARqt0NKxponhU,https://maps.google.com/?cid=1557796982717537706&g_mp=Cidnb29nbGUubWFwcy5wbGFjZXMudjEuUGxhY2VzLlNlYXJjaFRleHQQAhgEIAA,Dunsmoor,https://www.opentable.com/r/dunsmoor-los-angeles
Los Angeles,Gwen,Contemporary American,Hollywood,"6600 Sunset Blvd, Los Angeles, CA 90028, USA",http://gwenla.com/,34.097749,-118.333428,ChIJLz5MuTq_woARNr7ORKQW7-4,https://maps.google.com/?cid=17217004795245542966&g_mp=Cidnb29nbGUubWFwcy5wbGFjZXMudjEuUGxhY2VzLlNlYXJjaFRleHQQAhgEIAA,Gwen,https://www.opentable.com/r/gwen-los-angeles
Los Angeles,Camélia,French / Japanese,Arts District,"1850 Industrial St, Los Angeles, CA 90021, USA",https://cameliadtla.com/,34.035574,-118.2325904,ChIJp01x8r7HwoARHdyVH9NySTs,https://maps.google.com/?cid=4272071972631206941&g_mp=Cidnb29nbGUubWFwcy5wbGFjZXMudjEuUGxhY2VzLlNlYXJjaFRleHQQAhgEIAA,Camelia,https://www.opentable.com/r/camelia-los-angeles
Los Angeles,Loreto,Mexican,Atwater Village,"1991 Blake Ave, Los Angeles, CA 90039, USA",http://loreto.la/,34.1011188,-118.2438706,ChIJFwh6fX3HwoARr9fhEj7PDPs,https://maps.google.com/?cid=18090061668752152495&g_mp=Cidnb29nbGUubWFwcy5wbGFjZXMudjEuUGxhY2VzLlNlYXJjaFRleHQQAhgEIAA,Loreto,https://www.opentable.com/r/loreto-los-angeles
Los Angeles,Majordōmo,American,Downtown,"1725 Naud St, Los Angeles, CA 90012, USA",http://www.majordomo.la/,34.0690822,-118.2261672,ChIJJxloG2HGwoARrnxMRe2L_ik,https://maps.google.com/?cid=3026009850825702574&g_mp=Cidnb29nbGUubWFwcy5wbGFjZXMudjEuUGxhY2VzLlNlYXJjaFRleHQQAhgEIAA,Majordomo,https://www.opentable.com/r/majordomo-los-angeles
Los Angeles,Meteora,Californian,Hollywood,"6703 Melrose Ave, Los Angeles, CA 90038, USA",http://meteora.la/,34.0837081,-118.3399396,ChIJ9-5CroC5woARfbFyVsudp1c,https://maps.google.com/?cid=6316190499064689021&g_mp=Cidnb29nbGUubWFwcy5wbGFjZXMudjEuUGxhY2VzLlNlYXJjaFRleHQQAhgEIAA,Meteora,https://www.opentable.com/r/meteora-los-angeles-2
Los Angeles,chi SPACCA,Italian,Hollywood,"6610 Melrose Ave, Los Angeles, CA 90038, USA",http://www.chispacca.com/,34.0832749,-118.3390866,ChIJwbQBbdO4woARHT4khoXPnok,https://maps.google.com/?cid=9916591601904533021&g_mp=Cidnb29nbGUubWFwcy5wbGFjZXMudjEuUGxhY2VzLlNlYXJjaFRleHQQAhgEIAA,Chi Spacca,https://www.opentable.com/r/chi-spacca-los-angeles
Los Angeles,Ronan,Pizzeria,West Hollywood,"7315 Melrose Ave, Los Angeles, CA 90046, USA",http://ronanla.com/,34.0837054,-118.3492464,ChIJu4wpBcm_woARVYpXzbD6yaU,https://maps.google.com/?cid=11946355123843205717&g_mp=Cidnb29nbGUubWFwcy5wbGFjZXMudjEuUGxhY2VzLlNlYXJjaFRleHQQAhgEIAA,Ronan,https://www.opentable.com/r/ronan-los-angeles
Los Angeles,Steak 48 - Beverly Hills,Steakhouse,Beverly Hills,"9680 Wilshire Blvd, Beverly Hills, CA 90212, USA",https://www.steak48.com/steakhouses/beverly-hills/?utm_source=google&utm_medium=organic&utm_campaign=gmb,34.0667408,-118.4055074,ChIJh4FxWzq7woARjU9yUObKUps,https://maps.google.com/?cid=11192231114510061453&g_mp=Cidnb29nbGUubWFwcy5wbGFjZXMudjEuUGxhY2VzLlNlYXJjaFRleHQQAhgEIAA,Steak 48,https://www.opentable.com/r/steak-48-beverly-hills
Los Angeles,Delilah - Los Angeles,American,West Hollywood,"7969 Santa Monica Blvd, West Hollywood, CA 90046, USA",https://www.delilahrestaurants.com/location/los-angeles,34.0910654,-118.3635817,ChIJ69Av2MW-woAR5SEPrdq91mo,https://maps.google.com/?cid=7698549359940411877&g_mp=Cidnb29nbGUubWFwcy5wbGFjZXMudjEuUGxhY2VzLlNlYXJjaFRleHQQAhgEIAA,Delilah Los Angeles,https://www.opentable.com/r/delilah-los-angeles-west-hollywood
Los Angeles,Super Peach,Asian,Century City,"10250 Santa Monica Blvd, Los Angeles, CA 90067, USA",https://www.momofuku.com/restaurants/super-peach,34.0590546,-118.4201496,ChIJzxlgJAC7woARYI_za6cZ3f0,https://maps.google.com/?cid=18292805468310179680&g_mp=Cidnb29nbGUubWFwcy5wbGFjZXMudjEuUGxhY2VzLlNlYXJjaFRleHQQAhgEIAA,Super Peach,https://www.opentable.com/r/super-peach-huntington-beach
Los Angeles,The Nice Guy,Italian,West Hollywood,"401 N La Cienega Blvd, Los Angeles, CA 90048, USA",http://www.theniceguyla.com/,34.0787212,-118.3768326,ChIJ5W13mLO-woARQsWr8qRp7Yw,https://maps.google.com/?cid=10154888891957232962&g_mp=Cidnb29nbGUubWFwcy5wbGFjZXMudjEuUGxhY2VzLlNlYXJjaFRleHQQAhgEIAA,The Nice Guy,https://www.opentable.com/r/delilah-los-angeles-west-hollywood
Los Angeles,Somni,Spanish,West Hollywood,"9045 Nemo St, West Hollywood, CA 90069, USA",http://www.somnirestaurant.com/,34.0825405,-118.3884,ChIJVa5jok65woARLJWEqmHTCp8,https://maps.google.com/?cid=11460204618223752492&g_mp=Cidnb29nbGUubWFwcy5wbGFjZXMudjEuUGxhY2VzLlNlYXJjaFRleHQQAhgEIAA,Somni,https://www.opentable.com/r/somni-los-angeles
Los Angeles,La Dolce Vita,Italian,Beverly Hills,"9785 S Santa Monica Blvd, Beverly Hills, CA 90210, USA",http://ladolcevitabeverlyhills.com/,34.067483,-118.4091267,ChIJOwfZH_a7woARA0q8_z_TZWA,https://maps.google.com/?cid=6946190272115788291&g_mp=Cidnb29nbGUubWFwcy5wbGFjZXMudjEuUGxhY2VzLlNlYXJjaFRleHQQAhgEIAA,La Dolce Vita,https://www.opentable.com/r/la-dolce-vita-beverly-hills
Los Angeles,Vespertine,Californian,Culver City,"3599 Hayden Ave, Culver City, CA 90232, USA",https://vespertine.la/,34.0241968,-118.3818786,ChIJVd04SYW5woAROE52K0dXeYE,https://maps.google.com/?cid=9329584066258161208&g_mp=Cidnb29nbGUubWFwcy5wbGFjZXMudjEuUGxhY2VzLlNlYXJjaFRleHQQAhgEIAA,Vespertine,https://www.opentable.com/r/vespertine-culver-city
Los Angeles,Gjelina,American,Venice,"1429 Abbot Kinney Blvd, Venice, CA 90291, USA",http://www.gjelina.com/,33.990497,-118.4649651,ChIJGU5p6ri7woARaCOqe4haSl0,https://maps.google.com/?cid=6722284936040686440&g_mp=Cidnb29nbGUubWFwcy5wbGFjZXMudjEuUGxhY2VzLlNlYXJjaFRleHQQAhgEIAA,Gjelina,https://www.opentable.com/r/gjelina-new-york
Los Angeles,Anajak Thai Cuisine,Thai,Sherman Oaks,"14704 Ventura Blvd, Sherman Oaks, CA 91403, USA",http://www.anajakthai.com/,34.1515121,-118.4533788,ChIJn-ihusWXwoARE6yGp6tPoIM,https://maps.google.com/?cid=9484668413910887443&g_mp=Cidnb29nbGUubWFwcy5wbGFjZXMudjEuUGxhY2VzLlNlYXJjaFRleHQQAhgEIAA,Anajak Thai Cuisine,https://www.opentable.com/r/anajak-thai-cuisine-sherman-oaks
Los Angeles,Petit Trois Le Valley,French,Sherman Oaks,"13705 Ventura Blvd, Sherman Oaks, CA 91423, USA",http://valley.petittrois.com/,34.1483,-118.4315,ChIJ__-vLymWwoARaHQj7e219pI,https://maps.google.com/?cid=10589851607298700392&g_mp=Cidnb29nbGUubWFwcy5wbGFjZXMudjEuUGxhY2VzLlNlYXJjaFRleHQQAhgEIAA,Petit Trois le Valley,https://www.opentable.com/r/petite-trois-le-valley-sherman-oaks
Los Angeles,Harriet's,Cocktail Bar,West Hollywood,"8490 Sunset Blvd, West Hollywood, CA 90069, USA",https://www.1hotels.com/west-hollywood/taste/harriets-rooftop?utm_source=google-gbp&utm_medium=organic&utm_campaign=gbp,34.0941714,-118.3756134,ChIJAeqO0b2-woARydGLq_wHbY8,https://maps.google.com/?cid=10334925501676376521&g_mp=Cidnb29nbGUubWFwcy5wbGFjZXMudjEuUGxhY2VzLlNlYXJjaFRleHQQAhgEIAA,Harriet's Rooftop,https://www.opentable.com/r/harriets-west-hollywood
Los Angeles,Amiga Amore,Mexican,Highland Park,"5668 York Blvd, Los Angeles, CA 90042, USA",http://amigaamorela.com/,34.1187981,-118.1946252,ChIJk9DWflDFwoAR_WBu0_5LSyg,https://maps.google.com/?cid=2903497942611419389&g_mp=Cidnb29nbGUubWFwcy5wbGFjZXMudjEuUGxhY2VzLlNlYXJjaFRleHQQAhgEIAA,Amiga Amore,https://www.opentable.com/r/amiga-amore-los-angeles
Los Angeles,Xuntos,Tapas / Small Plates,Santa Monica,"516 Santa Monica Blvd, Santa Monica, CA 90401, USA",http://www.barxuntos.com/,34.0174391,-118.4937028,ChIJkaE_wR-lwoARJmJ-YudPXTE,https://maps.google.com/?cid=3557087135901049382&g_mp=Cidnb29nbGUubWFwcy5wbGFjZXMudjEuUGxhY2VzLlNlYXJjaFRleHQQAhgEIAA,XUNTOS,https://www.opentable.com/r/xuntos-santa-monica
Los Angeles,pasjoli,French,Santa Monica,"2732 Main St, Santa Monica, CA 90405, USA",http://www.pasjoli.com/,34.0001931,-118.4820912,ChIJpTjP4G-7woARDdfT19BYG28,https://maps.google.com/?cid=8006090416578615053&g_mp=Cidnb29nbGUubWFwcy5wbGFjZXMudjEuUGxhY2VzLlNlYXJjaFRleHQQAhgEIAA,pasjoli,https://www.opentable.com/r/pasjoli-santa-monica
Los Angeles,Melisse,Californian,Santa Monica,"1104 Wilshire Blvd, Santa Monica, CA 90401, USA",http://citrinandmelisse.com/,34.0245221,-118.4913563,ChIJ7fOMUsSkwoARIOVuE_23I1Q,https://maps.google.com/?cid=6062891820951463200&g_mp=Cidnb29nbGUubWFwcy5wbGFjZXMudjEuUGxhY2VzLlNlYXJjaFRleHQQAhgEIAA,Mélisse Restaurant,https://www.opentable.com/r/dear-johns-culver-city-2
Maine,REGARDS,Seafood,Portland,"547 Congress St, Portland, ME 04101, USA",http://www.regardsmaine.com/,43.6556331,-70.2617644,ChIJ4V2TNO2dskwRF9X9ecTrCUc,https://maps.google.com/?cid=5118881680576075031&g_mp=Cidnb29nbGUubWFwcy5wbGFjZXMudjEuUGxhY2VzLlNlYXJjaFRleHQQAhgEIAA,REGARDS,https://www.opentable.com/r/regards-portland
Maine,Benny's,Italian,Portland,"545 Congress St, Portland, ME 04101, USA",https://www.bennysmaine.com/,43.6556287,-70.2617011,ChIJj3wDYgCdskwRrxACzYP2Rwk,https://maps.google.com/?cid=668774115628421295&g_mp=Cidnb29nbGUubWFwcy5wbGFjZXMudjEuUGxhY2VzLlNlYXJjaFRleHQQAhgEIAA,Bennys,https://www.opentable.com/r/bennys-portland-2
Maine,Mr. Tuna,Sushi,Portland,"83 Middle St, Portland, ME 04101, USA",http://www.mrtunamaine.com/,43.6595831,-70.2515237,ChIJ0wD31DKdskwRJtu9gb3LKNE,https://maps.google.com/?cid=15071520167781325606&g_mp=Cidnb29nbGUubWFwcy5wbGFjZXMudjEuUGxhY2VzLlNlYXJjaFRleHQQAhgEIAA,Mr. Tuna,https://www.opentable.com/r/mr-tuna-portland
Miami,DOYA,Mediterranean,Wynwood,"347 NW 24th St, Miami, FL 33127, USA",https://www.doyarestaurant.com/,25.800236,-80.201449,ChIJgf9eP_m32YgRHv6mVX9npl0,https://maps.google.com/?cid=6748194888256781854&g_mp=Cidnb29nbGUubWFwcy5wbGFjZXMudjEuUGxhY2VzLlNlYXJjaFRleHQQAhgEIAA,Doya,https://www.opentable.com/r/doya-miami
Miami,Nami Nori - Design District,Japanese,Design District,"156 NE 41st St, Miami, FL 33137, USA",http://naminori.us/,25.8139927,-80.1921594,ChIJ83kXEMyx2YgRldpEPueN0B0,https://maps.google.com/?cid=2148373046577388181&g_mp=Cidnb29nbGUubWFwcy5wbGFjZXMudjEuUGxhY2VzLlNlYXJjaFRleHQQAhgEIAA,Nami Nori Design District,https://www.opentable.com/r/nami-nori-design-district
Miami,L'Atelier de Joël Robuchon - Miami,French,Design District,"151 NE 41st St, Miami, FL 33137, USA",https://latelier-miami.com/,25.8146854,-80.1919354,ChIJJ3pnTr6x2YgRUcKI0-aDyJs,https://maps.google.com/?cid=11225367098635633233&g_mp=Cidnb29nbGUubWFwcy5wbGFjZXMudjEuUGxhY2VzLlNlYXJjaFRleHQQAhgEIAA,L’Atelier de Joël Robuchon,https://www.opentable.com/r/latelier-de-joel-robuchon-miami
Miami,Delilah - Miami,American,Brickell,"301 Brickell Key Dr, Miami, FL 33131, USA",https://www.delilahrestaurants.com/,25.7653676,-80.1886586,ChIJJQZkpWm32YgR5ej28eqn7rM,https://maps.google.com/?cid=12965485004769913061&g_mp=Cidnb29nbGUubWFwcy5wbGFjZXMudjEuUGxhY2VzLlNlYXJjaFRleHQQAhgEIAA,Delilah Miami,https://www.opentable.com/r/delilah-miami
Miami,Luca Osteria,Italian,Coral Gables,"116 Giralda Ave, Coral Gables, FL 33134, USA",http://www.lucamiami.com/,25.7512048,-80.2572007,ChIJycHVayS32YgRJSfI21x_M68,https://maps.google.com/?cid=12624574217250678565&g_mp=Cidnb29nbGUubWFwcy5wbGFjZXMudjEuUGxhY2VzLlNlYXJjaFRleHQQAhgEIAA,Luca Osteria,https://www.opentable.com/r/luca-osteria-coral-gables
Miami,Eating House,American,Coral Gables,"128 Giralda Ave, Coral Gables, FL 33134, USA",http://www.eatinghousemiami.com/,25.7512111,-80.2574181,ChIJjcptQzS32YgRYhCLB9wfrSc,https://maps.google.com/?cid=2858976368329953378&g_mp=Cidnb29nbGUubWFwcy5wbGFjZXMudjEuUGxhY2VzLlNlYXJjaFRleHQQAhgEIAA,Eating House Miami,https://www.opentable.com/r/eating-house
Miami,Los Félix Miami,Mexican,Coconut Grove,"3413 Main Hwy, Miami, FL 33133, USA",http://losfelixmiami.com/,25.7275883,-80.2425035,ChIJ3YT7i5K32YgRvjbujmZU6Ak,https://maps.google.com/?cid=713913340399597246&g_mp=Cidnb29nbGUubWFwcy5wbGFjZXMudjEuUGxhY2VzLlNlYXJjaFRleHQQAhgEIAA,Los Félix Miami,https://www.opentable.com/r/los-felix-miami
Miami,Blue Collar,Contemporary American,MiMo / Upper East Side,"6789 Biscayne Blvd, Miami, FL 33138, USA",http://bluecollarmiami.com/,25.8376468,-80.1840628,ChIJC1jR09mz2YgRy4QYtGQOeFs,https://maps.google.com/?cid=6591033880337745099&g_mp=Cidnb29nbGUubWFwcy5wbGFjZXMudjEuUGxhY2VzLlNlYXJjaFRleHQQAhgEIAA,Blue Collar,https://www.opentable.com/r/mignonette-miami
Miami,Zitz Sum,Japanese Speciality,Coral Gables,"396 Alhambra Cir Suite 155, Coral Gables, FL 33134, USA",http://www.zitzsum.com/,25.7514463,-80.262316,ChIJs_Wd-pW32YgRwoXizRaCwUc,https://maps.google.com/?cid=5170556881653106114&g_mp=Cidnb29nbGUubWFwcy5wbGFjZXMudjEuUGxhY2VzLlNlYXJjaFRleHQQAhgEIAA,Zitz Sum,https://www.opentable.com/r/zitz-sum-coral-gables-1
Miami,Ariete,Contemporary American,Coconut Grove,"3540 Main Hwy, Coconut Grove, FL 33133, USA",https://arietecoconutgrove.com/,25.7252433,-80.2450485,ChIJEV1uzNq32YgReJLG9ncPUQQ,https://maps.google.com/?cid=311046857181008504&g_mp=Cidnb29nbGUubWFwcy5wbGFjZXMudjEuUGxhY2VzLlNlYXJjaFRleHQQAhgEIAA,Ariete,https://www.opentable.com/r/brasserie-laurel-miami
Miami,Krüs Kitchen,Contemporary American,Coconut Grove,"3413 Main Hwy, Miami, FL 33133, USA",http://www.kruskitchen.com/,25.7276055,-80.2425669,ChIJRYCei9u32YgRs41U3I3uTv8,https://maps.google.com/?cid=18396903820909383091&g_mp=Cidnb29nbGUubWFwcy5wbGFjZXMudjEuUGxhY2VzLlNlYXJjaFRleHQQAhgEIAA,Krüs Kitchen,https://www.opentable.com/r/krus-kitchen-miami
Miami,Phuc Yea,Asian,MiMo / Upper East Side,"7100 Biscayne Blvd, Miami, FL 33138, USA",https://www.phucyea.com/,25.8404512,-80.1846044,ChIJpUIxCNez2YgRv5o4hb33lwc,https://maps.google.com/?cid=547178273104763583&g_mp=Cidnb29nbGUubWFwcy5wbGFjZXMudjEuUGxhY2VzLlNlYXJjaFRleHQQAhgEIAA,Phuc Yea,https://www.opentable.com/r/phuc-yea-miami
Miami,Stubborn Seed Miami Beach,American,South Beach,"101 Washington Ave, Miami Beach, FL 33139, USA",https://www.stubbornseed.com/menu,25.7701757,-80.1348768,ChIJkwRTevG02YgRQqy7_cHUWGQ,https://maps.google.com/?cid=7230763131394042946&g_mp=Cidnb29nbGUubWFwcy5wbGFjZXMudjEuUGxhY2VzLlNlYXJjaFRleHQQAhgEIAA,Stubborn Seed - Miami Beach,https://www.opentable.com/r/stubborn-seed-miami-beach
Miami,Ghee - Downtown Dadeland,Indian,Kendall,"8965 SW 72nd Pl, Kendall, FL 33156, USA",https://gheemiami.com/,25.6871755,-80.3127732,ChIJ_Un49qTH2YgRe6GmHfMFfcg,https://maps.google.com/?cid=14446709721407070587&g_mp=Cidnb29nbGUubWFwcy5wbGFjZXMudjEuUGxhY2VzLlNlYXJjaFRleHQQAhgEIAA,Ghee - Dadeland,https://www.opentable.com/r/ghee-indian-kitchen-kendall
Miami,The Den,Sushi,South Beach,"Inside Azabu, 161 Ocean Dr, Miami Beach, FL 33139, USA",http://theden.miami.azabuglobal.com/,25.7704335,-80.1322815,ChIJw0ar10C12YgRURxaPDVVM_A,https://maps.google.com/?cid=17308271480049114193&g_mp=Cidnb29nbGUubWFwcy5wbGFjZXMudjEuUGxhY2VzLlNlYXJjaFRleHQQAhgEIAA,The Den at Azabu Miami Beach,https://www.opentable.com/r/the-den-miami-beach
Miami,Taki Omakase - Delray,Sushi,Delray Beach,"632 E Atlantic Ave, Delray Beach, FL 33483, USA",https://takiomakase.com/delray/?utm_source=GBP&utm_medium=organic-traffic,26.461474,-80.066438,ChIJAQAQzNrf2IgR02cVYNuGa9w,https://maps.google.com/?cid=15882936787620161491&g_mp=Cidnb29nbGUubWFwcy5wbGFjZXMudjEuUGxhY2VzLlNlYXJjaFRleHQQAhgEIAA,Taki Omakase,https://www.opentable.com/r/taki-omakase-delray-delray-beach
Miami,Stage Kitchen & Bar - Boca,American,Boca Raton,"5377 Town Center Rd suite 200, Boca Raton, FL 33486, USA",https://www.stagekitchenandbar.com/,26.3641742,-80.1285243,ChIJdxc7YQAf2YgRMoma7akHY_s,https://maps.google.com/?cid=18114330552631462194&g_mp=Cidnb29nbGUubWFwcy5wbGFjZXMudjEuUGxhY2VzLlNlYXJjaFRleHQQAhgEIAA,Stage Kitchen & Bar Boca Raton,https://www.opentable.com/r/stage-kitchen-and-bar-boca-raton
Milwaukee,DanDan Milwaukee,Chinese,Milwaukee,"360 E Erie St, Milwaukee, WI 53202, USA",http://dandanmke.com/,43.0300342,-87.9053339,ChIJ19coUKUZBYgRnufLFKke9rg,https://maps.google.com/?cid=13327873858796775326&g_mp=Cidnb29nbGUubWFwcy5wbGFjZXMudjEuUGxhY2VzLlNlYXJjaFRleHQQAhgEIAA,DanDan,https://www.opentable.com/r/dandan-milwaukee
Milwaukee,EsterEv,Contemporary American,Milwaukee,"2165 S Kinnickinnic Ave, Milwaukee, WI 53207, USA",http://www.esterev.com/,43.0050978,-87.9062978,ChIJp0LEN6UZBYgRfvlJzrzllWw,https://maps.google.com/?cid=7824412526703671678&g_mp=Cidnb29nbGUubWFwcy5wbGFjZXMudjEuUGxhY2VzLlNlYXJjaFRleHQQAhgEIAA,EsterEv,https://www.opentable.com/r/esterev-milwaukee
Minneapolis,Manny's Steakhouse,Steak,Downtown / North Loop,"825 S Marquette Ave, Minneapolis, MN 55402, USA",https://mannyssteakhouse.com/,44.9743953,-93.2720011,ChIJRa9-DJcys1IRScFQpyzdZPQ,https://maps.google.com/?cid=17610443626780868937&g_mp=Cidnb29nbGUubWFwcy5wbGFjZXMudjEuUGxhY2VzLlNlYXJjaFRleHQQAhgEIAA,Manny's Steakhouse,https://www.opentable.com/r/mannys-steakhouse-minneapolis-3
Minneapolis,P.S. Steak,Steakhouse,Downtown / Mill District,"510 Groveland Ave, Minneapolis, MN 55403, USA",https://www.psmpls.com/?utm_source=2060digital&utm_medium=localseo&utm_campaign=gbp,44.9672061,-93.2873041,ChIJjbG5mLszs1IRxWpT6ZVC9rs,https://maps.google.com/?cid=13544086140995463877&g_mp=Cidnb29nbGUubWFwcy5wbGFjZXMudjEuUGxhY2VzLlNlYXJjaFRleHQQAhgEIAA,P.S. Steak,https://www.opentable.com/r/ps-steak-minneapolis
Minneapolis,Baldamar,Steak,Roseville,"1642 County Road B2 W, Roseville, MN 55113, USA",https://www.baldamar.com/,45.0141515,-93.1692147,ChIJl8yLgOsrs1IRYEQvvzjJNMA,https://maps.google.com/?cid=13849915999634015328&g_mp=Cidnb29nbGUubWFwcy5wbGFjZXMudjEuUGxhY2VzLlNlYXJjaFRleHQQAhgEIAA,Baldamar,https://www.opentable.com/r/baldamar-roseville
Naples,Blackbird Modern Asian - Naples,Asian,Naples,"1500 5th Ave S, Naples, FL 34102, USA",https://blackbirdmodernasian.com/,26.1387946,-81.7854573,ChIJDeKREqvh2ogRv98UzTS3ID0,https://maps.google.com/?cid=4404721872975224767&g_mp=Cidnb29nbGUubWFwcy5wbGFjZXMudjEuUGxhY2VzLlNlYXJjaFRleHQQAhgEIAA,Blackbird Modern Asian,https://www.opentable.com/r/blackbird-modern-asian-naples
Naples,Tigress Rooftop Restaurant & Bar,Cantonese,Naples Park,"12155 Tamiami Trl N, Naples, FL 34110, USA",https://www.perryhotelnaples.com/naples-fl-hotel-dining,26.280636,-81.8031575,ChIJzTxQ85sZ24gRwnuPQEIhcaE,https://maps.google.com/?cid=11633115880909405122&g_mp=Cidnb29nbGUubWFwcy5wbGFjZXMudjEuUGxhY2VzLlNlYXJjaFRleHQQAhgEIAA,Tigress Restaurant & Rooftop Bar,https://www.opentable.com/r/tigress-rooftop-restaurant-and-bar-naples
Naples,Ocean Prime - Naples,Seafood,Naples,"699 5th Ave S, Naples, FL 34102, USA",https://www.ocean-prime.com/locations-menus/naples,26.1416953,-81.7978688,ChIJsZURAp_h2ogRuDylHpAJu7Q,https://maps.google.com/?cid=13023013262066007224&g_mp=Cidnb29nbGUubWFwcy5wbGFjZXMudjEuUGxhY2VzLlNlYXJjaFRleHQQAhgEIAA,Ocean Prime,https://www.opentable.com/r/ocean-prime-naples
Naples,Oise Ristorante - Fort Myers,Italian,Fort Myers,"2262 First St, Fort Myers, FL 33901, USA",https://oiseristorante.com/,26.6445811,-81.8691596,ChIJi6orF2NB24gRjrMuTiCbwyQ,https://maps.google.com/?cid=2649131568876925838&g_mp=Cidnb29nbGUubWFwcy5wbGFjZXMudjEuUGxhY2VzLlNlYXJjaFRleHQQAhgEIAA,Oise Ristorante,https://www.opentable.com/r/oise-ristorante-fort-myers
Nashville,Pelato - Nashville,Italian,Germantown,"1300 3rd Ave N, Nashville, TN 37208, USA",http://pelatorestaurant.com/,36.1780271,-86.786299,ChIJA52LgFdnZIgRwjYY8HbAFYE,https://maps.google.com/?cid=9301552222470420162&g_mp=Cidnb29nbGUubWFwcy5wbGFjZXMudjEuUGxhY2VzLlNlYXJjaFRleHQQAhgEIAA,Pelato,https://www.opentable.com/r/pelato-nashville
Nashville,Locust Nashville,Seafood,Belmont / Hillsboro,"2305 12th Ave S, Nashville, TN 37204, USA",http://locustnashville.com/,36.1273778,-86.7893698,ChIJZTkU2HdlZIgR_V55oayk0Lw,https://maps.google.com/?cid=13605555535636684541&g_mp=Cidnb29nbGUubWFwcy5wbGFjZXMudjEuUGxhY2VzLlNlYXJjaFRleHQQAhgEIAA,Locust,https://www.opentable.com/r/locust-nashville
Nashville,Yolan,Italian,Downtown / Sobro,"403 4th Ave S, Nashville, TN 37201, USA",https://www.marriott.com/en-us/hotels/bnalj-the-joseph-a-luxury-collection-hotel-nashville/dining/?scid=feed67b0-9a2f-4de1-8df6-114544116108,36.1567612,-86.7745959,ChIJa1zPuWRnZIgRqnSYUV8fZm4,https://maps.google.com/?cid=7955080286047859882&g_mp=Cidnb29nbGUubWFwcy5wbGFjZXMudjEuUGxhY2VzLlNlYXJjaFRleHQQAhgEIAA,Yolan,https://www.opentable.com/r/yolan-nashville
Nashville,Bad Idea,Wine Bar,East Nashville,"1021 Russell St #101, Nashville, TN 37206, USA",https://www.badideanashville.com/?utm_source=organic&utm_medium=gmb,36.1758733,-86.7503858,ChIJ4cxei4JnZIgR4AMk7AUNjOI,https://maps.google.com/?cid=16324437068398986208&g_mp=Cidnb29nbGUubWFwcy5wbGFjZXMudjEuUGxhY2VzLlNlYXJjaFRleHQQAhgEIAA,Bad Idea,https://www.opentable.com/r/bad-idea-wine-bar-nashville
Nashville,Bastion,Contemporary American,South Nashville,"434 Houston St STE 110, Nashville, TN 37203, USA",http://www.bastionnashville.com/,36.1429242,-86.7665652,ChIJIS56-XFmZIgRsvTzijiFReo,https://maps.google.com/?cid=16881045256164078770&g_mp=Cidnb29nbGUubWFwcy5wbGFjZXMudjEuUGxhY2VzLlNlYXJjaFRleHQQAhgEIAA,Bastion,https://www.opentable.com/r/bastion-nashville
Nashville,Henrietta Red,American,Germantown,"1200 4th Ave N, Nashville, TN 37208, USA",http://www.henriettared.com/,36.1759616,-86.7867371,ChIJ96euZ_5mZIgRXtEnIPHEtPs,https://maps.google.com/?cid=18137338139233472862&g_mp=Cidnb29nbGUubWFwcy5wbGFjZXMudjEuUGxhY2VzLlNlYXJjaFRleHQQAhgEIAA,Henrietta Red,https://www.opentable.com/r/henrietta-red-nashville-3
Nashville,International Market - Nashville,Thai,Belmont / Hillsboro,"2013 Belmont Blvd, Nashville, TN 37212, USA",http://www.im2nashville.com/,36.1317608,-86.7956859,ChIJpwRrESdkZIgRjHmwoIU8tK0,https://maps.google.com/?cid=12516695808993687948&g_mp=Cidnb29nbGUubWFwcy5wbGFjZXMudjEuUGxhY2VzLlNlYXJjaFRleHQQAhgEIAA,International Market,https://www.opentable.com/r/international-market-nashville
New Mexico,Farm & Table,Farm-to-table,Albuquerque,"8917 4th St NW, Albuquerque, NM 87114, USA",http://www.farmandtablenm.com/,35.1834227,-106.6237587,ChIJb8h4pAZ0IocRrtKMLEVw2c0,https://maps.google.com/?cid=14833010290123920046&g_mp=Cidnb29nbGUubWFwcy5wbGFjZXMudjEuUGxhY2VzLlNlYXJjaFRleHQQAhgEIAA,Farm & Table,https://www.opentable.com/r/farm-and-table
New Orleans,Brennan's,Creole,French Quarter,"417 Royal St, New Orleans, LA 70130, USA",https://www.brennansneworleans.com/,29.9561453,-90.066646,ChIJjbdq3A2mIIYRCrLg6e3eRy8,https://maps.google.com/?cid=3406936756541501962&g_mp=Cidnb29nbGUubWFwcy5wbGFjZXMudjEuUGxhY2VzLlNlYXJjaFRleHQQAhgEIAA,Brennan's,https://www.opentable.com/r/red-fish-grill-new-orleans
New Orleans,GW Fins,Seafood,French Quarter,"808 Bienville St, New Orleans, LA 70112, USA",http://gwfins.com/,29.9555463,-90.0688386,ChIJ8W3hFQymIIYRQObKMMNMyRo,https://maps.google.com/?cid=1930158316525905472&g_mp=Cidnb29nbGUubWFwcy5wbGFjZXMudjEuUGxhY2VzLlNlYXJjaFRleHQQAhgEIAA,GW Fins,https://www.opentable.com/r/rosies-on-the-roof-new-orleans
New Orleans,La Petite Grocery,French,Garden District,"4238 Magazine St, New Orleans, LA 70115, USA",http://www.lapetitegrocery.com/,29.9207891,-90.1001219,ChIJ8RmDjE6kIIYRZE6ynAYK7vo,https://maps.google.com/?cid=18081400577454132836&g_mp=Cidnb29nbGUubWFwcy5wbGFjZXMudjEuUGxhY2VzLlNlYXJjaFRleHQQAhgEIAA,La Petite Grocery,https://www.opentable.com/r/la-petite-grocery-new-orleans
New Orleans,Jewel of the South,Contemporary British,French Quarter,"1026 St Louis St, New Orleans, LA 70112, USA",https://www.jewelnola.com/,29.9585646,-90.0695125,ChIJMwXLyuCnIIYRlJ9qpEg6tpI,https://maps.google.com/?cid=10571701258969325460&g_mp=Cidnb29nbGUubWFwcy5wbGFjZXMudjEuUGxhY2VzLlNlYXJjaFRleHQQAhgEIAA,Jewel of the South,https://www.opentable.com/r/jewel-of-the-south-new-orleans
New Orleans,Muriel's Jackson Square,Creole / Cajun / Southern,French Quarter,"801 Chartres St, New Orleans, LA 70116, USA",http://www.muriels.com/,29.9584603,-90.0631932,ChIJaS5FoBGmIIYRTXOjqm3XxI0,https://maps.google.com/?cid=10215526720797373261&g_mp=Cidnb29nbGUubWFwcy5wbGFjZXMudjEuUGxhY2VzLlNlYXJjaFRleHQQAhgEIAA,Muriel's Jackson Square,https://www.opentable.com/r/muriels-jackson-square-new-orleans-2
New Orleans,Restaurant August,Contemporary French / American,Central Business District,"301 Tchoupitoulas St, New Orleans, LA 70130, USA",http://www.restaurantaugust.com/,29.9499784,-90.0667922,ChIJGw2RxnKmIIYRk0cBxtskDck,https://maps.google.com/?cid=14487276102659164051&g_mp=Cidnb29nbGUubWFwcy5wbGFjZXMudjEuUGxhY2VzLlNlYXJjaFRleHQQAhgEIAA,August,https://www.opentable.com/r/restaurant-august-new-orleans
New Orleans,Tableau,Creole / Cajun / Southern,French Quarter,"616 St Peter, New Orleans, LA 70116, USA",http://www.tableaufrenchquarter.com/,29.9574943,-90.0641142,ChIJA-r3jBGmIIYRSU0d0aPyNnE,https://maps.google.com/?cid=8157974560430181705&g_mp=Cidnb29nbGUubWFwcy5wbGFjZXMudjEuUGxhY2VzLlNlYXJjaFRleHQQAhgEIAA,Tableau by Dickie Brennan & Co.,https://www.opentable.com/r/tableau-new-orleans
New Orleans,Shaya,Middle Eastern,Uptown,"4213 Magazine St, New Orleans, LA 70115, USA",http://www.shayarestaurant.com/,29.9210569,-90.0995463,ChIJi5-8kE6kIIYRzZQnABsIYSA,https://maps.google.com/?cid=2333154994014360781&g_mp=Cidnb29nbGUubWFwcy5wbGFjZXMudjEuUGxhY2VzLlNlYXJjaFRleHQQAhgEIAA,Shaya,https://www.opentable.com/r/shaya-new-orleans
New Orleans,San Lorenzo at Hotel Saint Vincent,Contemporary Italian,Garden District,"1507 Magazine St, New Orleans, LA 70130, USA",https://saintvincentnola.com/dining/,29.9341519,-90.0728985,ChIJVVUl0HimIIYRzt2Pk3BzeBQ,https://maps.google.com/?cid=1475055805313048014&g_mp=Cidnb29nbGUubWFwcy5wbGFjZXMudjEuUGxhY2VzLlNlYXJjaFRleHQQAhgEIAA,San Lorenzo Restaurant and Paradise Lounge,https://www.opentable.com/r/hotel-saint-vincent-new-orleans
New Orleans,The Bower,American,Lower Garden District,"1320 Magazine St, New Orleans, LA 70130, USA",http://www.thebowernola.com/,29.9378966,-90.0712854,ChIJN6Vv7pOnIIYRifDyYvO6qC4,https://maps.google.com/?cid=3362142676331982985&g_mp=Cidnb29nbGUubWFwcy5wbGFjZXMudjEuUGxhY2VzLlNlYXJjaFRleHQQAhgEIAA,The Bower,https://www.opentable.com/r/the-bower-new-orleans
New York/New Jersey,Altro Paradiso,Italian,SoHo,"234 Spring St, New York, NY 10013, USA",http://www.altroparadiso.com/,40.7254266,-74.0046926,ChIJm3rL5YxZwokRWk_MgQ_fuAk,https://maps.google.com/?cid=700554999751266138&g_mp=Cidnb29nbGUubWFwcy5wbGFjZXMudjEuUGxhY2VzLlNlYXJjaFRleHQQAhgEIAA,Altro Paradiso,https://www.opentable.com/r/altro-paradiso
New York/New Jersey,ASKA,Nordic,Williamsburg,"47 S 5th St, Brooklyn, NY 11249, USA",http://askanyc.com/,40.7124154,-73.9665245,ChIJUwatTl1ZwokRUDXxYoFa-hk,https://maps.google.com/?cid=1871908106883118416&g_mp=Cidnb29nbGUubWFwcy5wbGFjZXMudjEuUGxhY2VzLlNlYXJjaFRleHQQAhgEIAA,Aska,https://www.opentable.com/r/aska-brooklyn
New York/New Jersey,Casa Mono,Spanish,Union Square,"52 Irving Pl, New York, NY 10003, USA",http://www.casamononyc.com/,40.7358936,-73.9871361,ChIJUd1sYJ9ZwokRRkqniQdJ144,https://maps.google.com/?cid=10292775770101598790&g_mp=Cidnb29nbGUubWFwcy5wbGFjZXMudjEuUGxhY2VzLlNlYXJjaFRleHQQAhgEIAA,Casa Mono,https://www.opentable.com/r/casa-mono-new-york
New York/New Jersey,Demo,European,West Village,"34 Carmine St, New York, NY 10014, USA",http://demowestvillage.com/,40.7299274,-74.0029971,ChIJebeXnYRZwokRRFXk3Mc8Gjw,https://maps.google.com/?cid=4330840820772263236&g_mp=Cidnb29nbGUubWFwcy5wbGFjZXMudjEuUGxhY2VzLlNlYXJjaFRleHQQAhgEIAA,Demo,https://www.opentable.com/r/demo-new-york
New York/New Jersey,Estela,Contemporary American,NoHo,"47 E Houston St 1st floor, New York, NY 10012, USA",http://estelanyc.com/,40.7246413,-73.994739,ChIJf3f-f4VZwokRcBCEciTOGRQ,https://maps.google.com/?cid=1448415411111727216&g_mp=Cidnb29nbGUubWFwcy5wbGFjZXMudjEuUGxhY2VzLlNlYXJjaFRleHQQAhgEIAA,Estela,https://www.opentable.com/r/estela
New York/New Jersey,Fairfax,American,Greenwich Village,"234 W 4th St, New York, NY 10014, USA",http://www.fairfax.nyc/,40.734351,-74.0031358,ChIJSyYvYZRZwokR6tWSvOA2xXw,https://maps.google.com/?cid=8990652569979377130&g_mp=Cidnb29nbGUubWFwcy5wbGFjZXMudjEuUGxhY2VzLlNlYXJjaFRleHQQAhgEIAA,Fairfax,https://www.opentable.com/r/fairfax-new-york
New York/New Jersey,Felina Steak- Jersey City,Italian,Jersey City,"2 Chapel Ave Unit 2, Jersey City, NJ 07305, USA",http://bylandmark.com/felina-steak-jersey-city/,40.6854275,-74.0706311,ChIJBTVH4BZRwokRBgGOgrKUM9o,https://maps.google.com/?cid=15723074218495967494&g_mp=Cidnb29nbGUubWFwcy5wbGFjZXMudjEuUGxhY2VzLlNlYXJjaFRleHQQAhgEIAA,Felina Steak - Jersey City,https://www.opentable.com/r/little-owl-west-village
New York/New Jersey,Gjelina - New York,Mediterranean,East Village,"45 Bond St, New York, NY 10012, USA",https://gjelina.com/ny/,40.7258569,-73.9930806,ChIJv9s0scFZwokRYuWpWB7CLbw,https://maps.google.com/?cid=13559707488674768226&g_mp=Cidnb29nbGUubWFwcy5wbGFjZXMudjEuUGxhY2VzLlNlYXJjaFRleHQQAhgEIAA,Gjelina,https://www.opentable.com/r/gjelina-new-york
New York/New Jersey,Hawksmoor NYC,American,Gramercy Park,"109 E 22nd St, New York, NY 10010, USA",https://hawksmoornyc.com/?utm_source=google&utm_medium=organic&utm_campaign=gbp,40.7395356,-73.9863884,ChIJZdEAC9VZwokRsUEVh2RGIoE,https://maps.google.com/?cid=9305077177677857201&g_mp=Cidnb29nbGUubWFwcy5wbGFjZXMudjEuUGxhY2VzLlNlYXJjaFRleHQQAhgEIAA,Hawksmoor NYC,https://www.opentable.com/r/hawksmoor-new-york
New York/New Jersey,Kabawa,Caribbean,East Village,"8 Extra Pl, New York, NY 10003, USA",https://www.momofuku.com/restaurants/kabawa,40.7248683,-73.9914685,ChIJ685zLlZZwokRiEoiYj-Iyvg,https://maps.google.com/?cid=17927291072512412296&g_mp=Cidnb29nbGUubWFwcy5wbGFjZXMudjEuUGxhY2VzLlNlYXJjaFRleHQQAhgEIAA,Kabawa,https://www.opentable.com/r/kabawa-new-york
New York/New Jersey,l'abeille,French,TriBeCa,"412 Greenwich St, New York, NY 10013, USA",http://www.labeille.nyc/,40.7220453,-74.0099342,ChIJq75Ur-tZwokRo7I_F_PhlcU,https://maps.google.com/?cid=14237534231185044131&g_mp=Cidnb29nbGUubWFwcy5wbGFjZXMudjEuUGxhY2VzLlNlYXJjaFRleHQQAhgEIAA,l’abeille,https://www.opentable.com/r/labeille-new-york
New York/New Jersey,Maddy Rose at Liberty House,Contemporary American,Jersey City,"76 Audrey Zapp Dr Floor 1, Jersey City, NJ 07305, USA",https://libertyhousejc.com/,40.7092052,-74.0399829,ChIJuRs8IkJRwokR29iklGV-kCY,https://maps.google.com/?cid=2778859944838224091&g_mp=Cidnb29nbGUubWFwcy5wbGFjZXMudjEuUGxhY2VzLlNlYXJjaFRleHQQAhgEIAA,Maddy Rose Restaurant at Liberty House,https://www.opentable.com/r/maddy-rose-at-liberty-house-jersey-city
New York/New Jersey,Manhatta,American,Financial District,"28 Liberty St 60th floor, New York, NY 10005, USA",https://www.manhattarestaurant.com/,40.7079974,-74.0088826,ChIJoTXWl8dbwokRpKA2BJFVsGA,https://maps.google.com/?cid=6967162704871465124&g_mp=Cidnb29nbGUubWFwcy5wbGFjZXMudjEuUGxhY2VzLlNlYXJjaFRleHQQAhgEIAA,Manhatta,https://www.opentable.com/r/manhatta-new-york
New York/New Jersey,Meximodo - Jersey City,Mexican,Jersey City,"25 Christopher Columbus Dr, Jersey City, NJ 07302, USA",https://meximodo.com/,40.7177451,-74.0383153,ChIJi2ibzVVRwokRfYKVXmQa4TQ,https://maps.google.com/?cid=3810355778118058621&g_mp=Cidnb29nbGUubWFwcy5wbGFjZXMudjEuUGxhY2VzLlNlYXJjaFRleHQQAhgEIAA,Meximodo Jersey City – Cocina Mexicana & Tequila Bar,https://www.opentable.com/r/little-owl-west-village
New York/New Jersey,Momofuku Noodle Bar - East Village,Asian,East Village,"171 1st Ave, New York, NY 10003, USA",https://momofukunoodlebar.com/,40.7292083,-73.984415,ChIJkXQ3_INZwokRE74ZvG46Jjc,https://maps.google.com/?cid=3973927968477658643&g_mp=Cidnb29nbGUubWFwcy5wbGFjZXMudjEuUGxhY2VzLlNlYXJjaFRleHQQAhgEIAA,Momofuku Noodle Bar,https://www.opentable.com/r/momofuku-noodle-bar-east-village-new-york-2
New York/New Jersey,Momofuku Noodle Bar - Uptown,Asian,Midtown,"10 Columbus Cir, New York, NY 10019, USA",https://momofukunoodlebar.com/,40.7680157,-73.9829136,ChIJKzLt4dZZwokRbv-Ebx1hBo0,https://maps.google.com/?cid=10161916388261035886&g_mp=Cidnb29nbGUubWFwcy5wbGFjZXMudjEuUGxhY2VzLlNlYXJjaFRleHQQAhgEIAA,Momofuku Noodle Bar Uptown,https://www.opentable.com/r/momofuku-noodle-bar-new-york
New York/New Jersey,Muku,Japanese,TriBeCa,"412 Greenwich St Penthouse B, New York, NY 10013, USA",https://www.restaurantmuku.nyc/,40.7218848,-74.0099346,ChIJYTKtj2dZwokR3IYU3st5VuA,https://maps.google.com/?cid=16165241829004183260&g_mp=Cidnb29nbGUubWFwcy5wbGFjZXMudjEuUGxhY2VzLlNlYXJjaFRleHQQAhgEIAA,Muku,https://www.opentable.com/r/muku-new-york
New York/New Jersey,Parcelle Chinatown,Bar / Lounge / Bottle Service,Chinatown,"135 Division St, New York, NY 10002, USA",http://www.parcellewine.com/,40.714381,-73.9911544,ChIJI3VG1kxYwokRECoJD1lSvSY,https://maps.google.com/?cid=2791477886497401360&g_mp=Cidnb29nbGUubWFwcy5wbGFjZXMudjEuUGxhY2VzLlNlYXJjaFRleHQQAhgEIAA,Parcelle Chinatown,https://www.opentable.com/r/parcelle-chinatown
New York/New Jersey,Phoenix Palace,Chinese,Chinatown,"85 Bowery, New York, NY 10002, USA",http://phoenixpalaceny.com/,40.71682,-73.9952791,ChIJQfxkBwBbwokRdqZAdAUuTFc,https://maps.google.com/?cid=6290453380489848438&g_mp=Cidnb29nbGUubWFwcy5wbGFjZXMudjEuUGxhY2VzLlNlYXJjaFRleHQQAhgEIAA,Phoenix Palace,https://www.opentable.com/r/phoenix-palace-new-york
New York/New Jersey,Potluck Club,Chinese,Chinatown,"133 Chrystie St, New York, NY 10002, USA",https://thepotluckclubny.com/,40.719602,-73.9935919,ChIJ7yN3d6tZwokRATR9U3lAqLg,https://maps.google.com/?cid=13305955988902065153&g_mp=Cidnb29nbGUubWFwcy5wbGFjZXMudjEuUGxhY2VzLlNlYXJjaFRleHQQAhgEIAA,Potluck Club,https://www.opentable.com/r/potluck-club-new-york
New York/New Jersey,Razza - Jersey City,Pizzeria,Jersey City,"275 Grove St, Jersey City, NJ 07302, USA",http://razzanj.com/,40.7177776,-74.0442612,ChIJFSRtpLFQwokROP1exas0wNM,https://maps.google.com/?cid=15258253449886629176&g_mp=Cidnb29nbGUubWFwcy5wbGFjZXMudjEuUGxhY2VzLlNlYXJjaFRleHQQAhgEIAA,Razza,https://www.opentable.com/r/little-owl-west-village
New York/New Jersey,Red Hook Tavern,American,Red Hook,"329 Van Brunt St, Brooklyn, NY 11231, USA",http://www.redhooktavern.com/,40.6778606,-74.0120649,ChIJv0LelZRbwokRrUvqWn_7o98,https://maps.google.com/?cid=16115000416066489261&g_mp=Cidnb29nbGUubWFwcy5wbGFjZXMudjEuUGxhY2VzLlNlYXJjaFRleHQQAhgEIAA,Red Hook Tavern,https://www.opentable.com/r/red-hook-tavern-brooklyn
New York/New Jersey,Roscioli - The Roman Feast,Italian,Greenwich Village,"43 MacDougal St, New York, NY 10012, USA",https://rosciolinyc.com/,40.7277451,-74.0025839,ChIJ4_kdpBBZwokR7rsYae4xCxI,https://maps.google.com/?cid=1300187817461726190&g_mp=Cidnb29nbGUubWFwcy5wbGFjZXMudjEuUGxhY2VzLlNlYXJjaFRleHQQAhgEIAA,Roscioli NYC,https://www.opentable.com/r/roscioli-a-la-carte-new-york
New York/New Jersey,Sailor,Bistro,Fort Greene,"228 DeKalb Ave, Brooklyn, NY 11205, USA",https://www.sailor.nyc/,40.6893831,-73.9703111,ChIJ2xcAfQFbwokRSBBCp0svARQ,https://maps.google.com/?cid=1441485357710446664&g_mp=Cidnb29nbGUubWFwcy5wbGFjZXMudjEuUGxhY2VzLlNlYXJjaFRleHQQAhgEIAA,Sailor,https://www.opentable.com/r/sailor-brooklyn
New York/New Jersey,SAPPE,Thai,Greenwich Village,"240 W 14th St, New York, NY 10011, USA",http://sappeisan.com/,40.7391403,-74.0018035,ChIJh3cIsH1ZwokRpskBmPrszuU,https://maps.google.com/?cid=16559433440924125606&g_mp=Cidnb29nbGUubWFwcy5wbGFjZXMudjEuUGxhY2VzLlNlYXJjaFRleHQQAhgEIAA,SAPPEISAN,https://www.opentable.com/r/sappeisan-new-york
New York/New Jersey,Scarr's Pizza,Pizzeria,Chinatown,"35 Orchard St, New York, NY 10002, USA",http://www.scarrspizza.com/,40.7157238,-73.9916115,ChIJOUqatilawokRguvFSj0wX7Y,https://maps.google.com/?cid=13141275277496019842&g_mp=Cidnb29nbGUubWFwcy5wbGFjZXMudjEuUGxhY2VzLlNlYXJjaFRleHQQAhgEIAA,Scarr's Pizza,https://www.opentable.com/r/scarrs-pizza-new-york
New York/New Jersey,Strange Delight,Oyster Bar,Fort Greene,"63 Lafayette Ave, Brooklyn, NY 11217, USA",https://www.strangedelight.nyc/,40.6873624,-73.9760048,ChIJSZ__agBbwokRFqNZkOBfbsk,https://maps.google.com/?cid=14514644067160793878&g_mp=Cidnb29nbGUubWFwcy5wbGFjZXMudjEuUGxhY2VzLlNlYXJjaFRleHQQAhgEIAA,Strange Delight,https://www.opentable.com/r/strange-delight-brooklyn
New York/New Jersey,Sunn's,Korean,Chinatown,"139 Division St, New York, NY 10002, USA",https://sunnsnyc.com/,40.714377,-73.9909737,ChIJJbrdCQBbwokR0msB9eFOzEE,https://maps.google.com/?cid=4741251240099408850&g_mp=Cidnb29nbGUubWFwcy5wbGFjZXMudjEuUGxhY2VzLlNlYXJjaFRleHQQAhgEIAA,Sunn’s,https://www.opentable.com/r/sunns-new-york
New York/New Jersey,Tolo,Chinese,Lower East Side,"28 Canal St, New York, NY 10002, USA",https://tolonyc.com/,40.7143377,-73.9905099,ChIJQSKt-VdbwokRRPjIjPe6XEA,https://maps.google.com/?cid=4637787288666437700&g_mp=Cidnb29nbGUubWFwcy5wbGFjZXMudjEuUGxhY2VzLlNlYXJjaFRleHQQAhgEIAA,Tolo,https://www.opentable.com/r/tolo-new-york
New York/New Jersey,Una Pizza Napoletana,Italian,Lower East Side,"175 Orchard St, New York, NY 10002, USA",https://unapizza.com/,40.7217573,-73.9886214,ChIJAbYL-YNZwokRIfs6jgmbXqg,https://maps.google.com/?cid=12132304911525935905&g_mp=Cidnb29nbGUubWFwcy5wbGFjZXMudjEuUGxhY2VzLlNlYXJjaFRleHQQAhgEIAA,Una Pizza Napoletana,https://www.opentable.com/r/una-pizza-napoletana-new-york
New York/New Jersey,Jeffrey's Grocery,American,Greenwich Village,172 Waverly Pl New York NY 10014,https://www.jeffreysgrocery.com/,40.7353,-74.0008,ChIJY8IyGJRZwokRW30RUHjKLBU,https://maps.google.com/?cid=1525816991859965275&g_mp=CiVnb29nbGUubWFwcy5wbGFjZXMudjEuUGxhY2VzLkdldFBsYWNlEAIYBCAA,Jeffrey's Grocery,https://www.opentable.com/r/jeffreys-grocery-new-york
New York/New Jersey,Joseph Leonard,American,West Village,170 Waverly Pl New York NY 10014,https://www.josephleonard.com/,40.7353,-74.0009,ChIJ2fUkDpRZwokRUfmdRhH-Czg,https://maps.google.com/?cid=4038600841020438865&g_mp=CiVnb29nbGUubWFwcy5wbGFjZXMudjEuUGxhY2VzLkdldFBsYWNlEAIYBCAA,Joseph Leonard,https://www.opentable.com/r/joseph-leonard-new-york
New York/New Jersey,Le B.,European,West Village,285 W 12th St New York NY 10014,https://www.restaurantleb.com/,40.7383,-74.0039,ChIJExJQMsdZwokR7a48kYV6EMg,https://maps.google.com/?cid=14416157121298869997&g_mp=CiVnb29nbGUubWFwcy5wbGFjZXMudjEuUGxhY2VzLkdldFBsYWNlEAIYBCAA,Le B.,https://www.opentable.com/r/le-b-new-york
New York/New Jersey,Mitsuru,Japanese,Greenwich Village,37 Downing St New York NY 10014,https://www.mitsurunyc.com/,40.7287,-74.0042,ChIJ53izUQBZwokRJTNgBT_Et_o,https://maps.google.com/?cid=18066124205172208421&g_mp=CiVnb29nbGUubWFwcy5wbGFjZXMudjEuUGxhY2VzLkdldFBsYWNlEAIYBCAA,Mitsuru,https://www.opentable.com/r/mitsuru-new-york
New York/New Jersey,Moody Tongue Sushi,Sushi,West Village,9 Jones St New York NY 10014,https://moodytongue.com/new-york/,40.7322,-74.0016,ChIJGUJaVtVZwokR3VU_JU2pedg,https://maps.google.com/?cid=15598684933176907229&g_mp=CiVnb29nbGUubWFwcy5wbGFjZXMudjEuUGxhY2VzLkdldFBsYWNlEAIYBCAA,Moody Tongue Sushi,https://www.opentable.com/r/moody-tongue-sushi-new-york
New York/New Jersey,Parcelle Greenwich Village,Wine Bar,Greenwich Village,72 MacDougal St New York NY 10012,https://www.parcelle.com/,40.7284,-73.9997,ChIJFXVNUJxZwokRDhvP51t1PFQ,https://maps.google.com/?cid=6069855435380169486&g_mp=CiVnb29nbGUubWFwcy5wbGFjZXMudjEuUGxhY2VzLkdldFBsYWNlEAIYBCAA,Parcelle Greenwich Village,https://www.opentable.com/r/parcelle-greenwich-village-new-york
Oklahoma City,MAHT,Steakhouse,Oklahoma City,"519 NW 23rd St STE 111, Oklahoma City, OK 73103, USA",http://www.mahtokc.com/,35.4934397,-97.5211749,ChIJt7KLGCYXsocRXJGjM9vk8jo,https://maps.google.com/?cid=4247709028679127388&g_mp=Cidnb29nbGUubWFwcy5wbGFjZXMudjEuUGxhY2VzLlNlYXJjaFRleHQQAhgEIAA,MAHT,https://www.opentable.com/r/maht-oklahoma-city
Oklahoma City,Perle Mesta,American,Oklahoma City,"One Park Ave, Oklahoma City, OK 73102, USA",https://www.perlemesta.com/,35.4688375,-97.5135602,ChIJPW2YqLcXsocR4DUiAEImBc8,https://maps.google.com/?cid=14917371405646575072&g_mp=Cidnb29nbGUubWFwcy5wbGFjZXMudjEuUGxhY2VzLlNlYXJjaFRleHQQAhgEIAA,Perle Mesta,https://www.opentable.com/r/perle-mesta-oklahoma-city
Oklahoma City,Osteria,Italian,Oklahoma City,"1704 NW 16th St, Oklahoma City, OK 73106, USA",http://www.osteriaokc.com/,35.4857921,-97.539191,ChIJSYwlrSgasocRazUMnmm9MHg,https://maps.google.com/?cid=8660630344754279787&g_mp=Cidnb29nbGUubWFwcy5wbGFjZXMudjEuUGxhY2VzLlNlYXJjaFRleHQQAhgEIAA,Osteria,https://www.opentable.com/r/osteria-oklahoma-city
Oklahoma City,Grey Sweater,Global International,Bricktown,"100 NE 4th St, Oklahoma City, OK 73104, USA",http://greysweaterokc.com/,35.4715216,-97.5097464,ChIJiy76hyQXsocR4d_rr26hR1U,https://maps.google.com/?cid=6145057713340276705&g_mp=Cidnb29nbGUubWFwcy5wbGFjZXMudjEuUGxhY2VzLlNlYXJjaFRleHQQAhgEIAA,Grey Sweater,https://www.opentable.com/r/grey-sweater-oklahoma-city
Oklahoma City,nonesuch,American,Midtown,"803 N Hudson Ave, Oklahoma City, OK 73102, USA",http://www.nonesuchokc.com/,35.475309,-97.5194138,ChIJFao4ITIXsocR2JuRCumzO4w,https://maps.google.com/?cid=10104868002421906392&g_mp=Cidnb29nbGUubWFwcy5wbGFjZXMudjEuUGxhY2VzLlNlYXJjaFRleHQQAhgEIAA,Nonesuch,https://www.opentable.com/r/nonesuch-oklahoma-city-2
Oklahoma City,Birdies by Chef Kevin Lee,Contemporary Korean,Memorial Square,"2201 NW 150th St, Edmond, OK 73013, USA",https://www.birdiesokc.com/,35.6240489,-97.5514279,ChIJ189_7Q0dsocRxDztgSSchi0,https://maps.google.com/?cid=3280481059198549188&g_mp=Cidnb29nbGUubWFwcy5wbGFjZXMudjEuUGxhY2VzLlNlYXJjaFRleHQQAhgEIAA,Birdie's by Chef Kevin Lee,https://www.opentable.com/r/birdies-by-chef-kevin-lee-edmond
Orlando,The Pinery,Southern,Downtown Orlando,"295 NE Ivanhoe Blvd Suite A, Orlando, FL 32804, USA",http://thepineryorlando.com/,28.5657212,-81.3735066,ChIJwQne8wd754gRvBfDab1krMk,https://maps.google.com/?cid=14532100862303737788&g_mp=Cidnb29nbGUubWFwcy5wbGFjZXMudjEuUGxhY2VzLlNlYXJjaFRleHQQAhgEIAA,The Pinery,https://www.opentable.com/r/the-pinery-orlando
Orlando,Norman's - Orlando,Steakhouse,I Drive / Sand Lake,"7924 Via Dellagio Way, Orlando, FL 32819, USA",http://www.normans.com/,28.450375,-81.491802,ChIJ0ciw2mx_54gRabOSL35dAgM,https://maps.google.com/?cid=216838528612610921&g_mp=Cidnb29nbGUubWFwcy5wbGFjZXMudjEuUGxhY2VzLlNlYXJjaFRleHQQAhgEIAA,Norman's Orlando,https://www.opentable.com/r/normans-orlando-4
Orlando,Primo,Italian,I Drive / Sand Lake,"4040 Central Florida Pkwy, Orlando, FL 32837, USA",https://www.marriott.com/hotels/hotel-information/restaurant/details/mcojw-jw-marriott-orlando-grande-lakes/123963/?scid=feed67b0-9a2f-4de1-8df6-114544116108,28.401495,-81.428293,ChIJ0Wka3wZ-54gRGuBE79OP9XA,https://maps.google.com/?cid=8139570041957179418&g_mp=Cidnb29nbGUubWFwcy5wbGFjZXMudjEuUGxhY2VzLlNlYXJjaFRleHQQAhgEIAA,Primo,https://www.opentable.com/r/whisper-creek-farm-the-kitchen-jw-marriot-grande-lakes-orlando
Orlando,Knife & Spoon,Steak,I Drive / Sand Lake,"4012 Central Florida Pkwy, Orlando, FL 32837, USA",https://www.knifeandspoonrc.com/,28.4057004,-81.4294527,ChIJm9FSv_1954gRJpYL4GtsNRM,https://maps.google.com/?cid=1384131671062451750&g_mp=Cidnb29nbGUubWFwcy5wbGFjZXMudjEuUGxhY2VzLlNlYXJjaFRleHQQAhgEIAA,Knife & Spoon,https://www.opentable.com/r/knife-and-spoon-orlando
Orlando,Charley's Steak House-Celebration FL,Steakhouse,Celebration,"2901 Parkway Blvd Suite 1A, Kissimmee, FL 34747, USA",http://www.charleyssteakhouse.com/,28.3340656,-81.5339691,ChIJCajzTEF_3YgRm-dlPoeo1DM,https://maps.google.com/?cid=3734795289817900955&g_mp=Cidnb29nbGUubWFwcy5wbGFjZXMudjEuUGxhY2VzLlNlYXJjaFRleHQQAhgEIAA,Charley's Steak House,https://www.opentable.com/r/little-owl-west-village
Philadelphia,SkyHigh,Cocktail Bar,Center City,"One N 19th St, Philadelphia, PA 19103, USA",https://www.skyhighphiladelphia.com/?utm_source=google&utm_medium=organicsearch&utm_campaign=tor-phi-fab-mid-seo-na&utm_content=na-na&utm_term=na,39.9563982,-75.1704389,ChIJBXexubHHxokR-vJPttmO90M,https://maps.google.com/?cid=4897540185506444026&g_mp=Cidnb29nbGUubWFwcy5wbGFjZXMudjEuUGxhY2VzLlNlYXJjaFRleHQQAhgEIAA,Skyhigh,https://www.opentable.com/r/skyhigh-philadelphia
Philadelphia,Vernick Fish,Cocktail Bar,Center City,"One N 19th St, Philadelphia, PA 19103, USA",https://www.vernickfish.com/?utm_source=google&utm_medium=organicsearch&utm_campaign=tor-phi-fab-mid-seo-na&utm_content=na-na&utm_term=na,39.9552879,-75.1707661,ChIJF4my1InHxokRTPC-VFN4RxE,https://maps.google.com/?cid=1245096121290649676&g_mp=Cidnb29nbGUubWFwcy5wbGFjZXMudjEuUGxhY2VzLlNlYXJjaFRleHQQAhgEIAA,Vernick Fish,https://www.opentable.com/r/vernick-fish-philadelphia
Philadelphia,Friday Saturday Sunday,American,Center City,"261 S 21st St, Philadelphia, PA 19103, USA",http://fridaysaturdaysunday.com/,39.9489446,-75.1759667,ChIJf7rSRDjGxokR1cJYp_u6uv8,https://maps.google.com/?cid=18427246415346975445&g_mp=Cidnb29nbGUubWFwcy5wbGFjZXMudjEuUGxhY2VzLlNlYXJjaFRleHQQAhgEIAA,Friday Saturday Sunday,https://www.opentable.com/r/friday-saturday-sunday-philadelphia
Philadelphia,My Loup,French,Center City,"2005 Walnut St, Philadelphia, PA 19103, USA",http://myloupphl.com/,39.9508012,-75.1739867,ChIJf31Ku3nHxokRG2R6LRpXXFE,https://maps.google.com/?cid=5862656584873305115&g_mp=Cidnb29nbGUubWFwcy5wbGFjZXMudjEuUGxhY2VzLlNlYXJjaFRleHQQAhgEIAA,My Loup,https://www.opentable.com/r/my-loup-philadelphia
Philadelphia,Pine Street Grill,American,Center City,"2227 Pine St, Philadelphia, PA 19103, USA",https://www.pinestreetgrill.com/,39.9474534,-75.1791826,ChIJ42KJS6zHxokR8Diq_QRoC4k,https://maps.google.com/?cid=9875100978584893680&g_mp=Cidnb29nbGUubWFwcy5wbGFjZXMudjEuUGxhY2VzLlNlYXJjaFRleHQQAhgEIAA,Pine Street Grill,https://www.opentable.com/r/pine-street-grill-philadelphia
Philadelphia,a.kitchen,French American,Center City,"135 S 18th St, Philadelphia, PA 19103, USA",http://www.akitchenandbar.com/,39.9503916,-75.1704008,ChIJCTJClDHGxokRyq9mPKfA1mc,https://maps.google.com/?cid=7482379655428091850&g_mp=Cidnb29nbGUubWFwcy5wbGFjZXMudjEuUGxhY2VzLlNlYXJjaFRleHQQAhgEIAA,a.kitchen+bar,https://www.opentable.com/r/akitchen-philadelphia
Philadelphia,Her Place Supper Club,American,Center City,"1740 Sansom St, Philadelphia, PA 19103, USA",http://www.herplacephilly.com/,39.9507452,-75.1701679,ChIJMW-WlpXHxokRw9Sf2FaFXjE,https://maps.google.com/?cid=3557427363717305539&g_mp=Cidnb29nbGUubWFwcy5wbGFjZXMudjEuUGxhY2VzLlNlYXJjaFRleHQQAhgEIAA,Her Place Supper Club,https://www.opentable.com/r/her-place-supper-club-philadelphia
Philadelphia,Mawn,Cambodian,Bella Vista,"764 S 9th St, Philadelphia, PA 19147, USA",https://mawnphilly.com/,39.9399678,-75.1578975,ChIJ9equ8v_HxokRnlJXbZNx-nM,https://maps.google.com/?cid=8357116936547947166&g_mp=Cidnb29nbGUubWFwcy5wbGFjZXMudjEuUGxhY2VzLlNlYXJjaFRleHQQAhgEIAA,Mawn,https://www.opentable.com/r/mawn-philadelphia
Philadelphia,Honeysuckle,American,North Broad,"631 N Broad St, Philadelphia, PA 19123, USA",http://www.honeysucklephl.com/,39.9645357,-75.1606417,ChIJuQXylo3HxokR0Rywya2Tshg,https://maps.google.com/?cid=1779647177387154641&g_mp=Cidnb29nbGUubWFwcy5wbGFjZXMudjEuUGxhY2VzLlNlYXJjaFRleHQQAhgEIAA,Honeysuckle Restaurant,https://www.opentable.com/r/honeysuckle-philadelphia
Philadelphia,Vetri Cucina - Philadelphia,Italian,Center City,"1312 Spruce St, Philadelphia, PA 19107, USA",http://www.vetricucina.com/,39.9467259,-75.1631772,ChIJY8A3VSTGxokRQBRpttIUSRU,https://maps.google.com/?cid=1533780043332392000&g_mp=Cidnb29nbGUubWFwcy5wbGFjZXMudjEuUGxhY2VzLlNlYXJjaFRleHQQAhgEIAA,Vetri Cucina,https://www.opentable.com/r/vetri
Philadelphia,High Street Restaurant & Bar,American,Center City,"101 S 9th St Suite 106, Philadelphia, PA 19107, USA",http://www.highstreetphilly.com/,39.9494611,-75.1554684,ChIJjaJHUYTIxokR6hUWfTrQpu4,https://maps.google.com/?cid=17196661176786097642&g_mp=Cidnb29nbGUubWFwcy5wbGFjZXMudjEuUGxhY2VzLlNlYXJjaFRleHQQAhgEIAA,High Street Restaurant & Bar,https://www.opentable.com/r/high-street-restaurant-and-bar-philadelphia
Philadelphia,Almanac,Cocktail Bar,Old City,"310 Market St Second Floor, Philadelphia, PA 19106, USA",http://almanacphilly.com/,39.9500962,-75.1462398,ChIJ9XsiToTIxokRH_KKvc2Y9Eo,https://maps.google.com/?cid=5401109862539784735&g_mp=Cidnb29nbGUubWFwcy5wbGFjZXMudjEuUGxhY2VzLlNlYXJjaFRleHQQAhgEIAA,Almanac,https://www.opentable.com/r/almanac-philadelphia
Philadelphia,Tabachoy,Filipino,South Philly,"932 S 10th St, Philadelphia, PA 19147, USA",https://www.tabachoyphilly.com/,39.9383395,-75.1597938,ChIJjdncyAu5xokRLQl8Hb923qU,https://maps.google.com/?cid=11952121024293374253&g_mp=Cidnb29nbGUubWFwcy5wbGFjZXMudjEuUGxhY2VzLlNlYXJjaFRleHQQAhgEIAA,Tabachoy,https://www.opentable.com/r/tabachoy-philadelphia
Philadelphia,Ogawa Sushi & Kappo Omakase,Sushi,Old City,"310 Market St First Floor, Philadelphia, PA 19106, USA",https://www.ogawaphilly.com/,39.9500962,-75.1462398,ChIJVUndUNPJxokRF-ccjoNlEiw,https://maps.google.com/?cid=3175712302949000983&g_mp=Cidnb29nbGUubWFwcy5wbGFjZXMudjEuUGxhY2VzLlNlYXJjaFRleHQQAhgEIAA,Ogawa Sushi & Kappo,https://www.opentable.com/r/ogawa-sushi-and-kappo-omakase-philadelphia
Phoenix,Fat Ox,Italian,Central Scottsdale,"6316 N Scottsdale Rd, Scottsdale, AZ 85253, USA",https://www.ilovefatox.com/,33.5306626,-111.9263469,ChIJaQjRkRQLK4cR0TPbTzeCR6E,https://maps.google.com/?cid=11621400537527432145&g_mp=Cidnb29nbGUubWFwcy5wbGFjZXMudjEuUGxhY2VzLlNlYXJjaFRleHQQAhgEIAA,Fat Ox,https://www.opentable.com/r/fat-ox-scottsdale
Phoenix,Wrigley Mansion - Geordie's,American,Biltmore,"2501 E Telawa Trail, Phoenix, AZ 85016, USA",http://www.wrigleymansion.com/,33.5234362,-112.0269296,ChIJFQj0IEcNK4cROTC_Wd_Rre0,https://maps.google.com/?cid=17126575715173478457&g_mp=Cidnb29nbGUubWFwcy5wbGFjZXMudjEuUGxhY2VzLlNlYXJjaFRleHQQAhgEIAA,Geordie's at Wrigley Mansion,https://www.opentable.com/r/wrigley-mansion-geordies-phoenix
Phoenix,The Mission – Old Town Scottsdale,Latin American,Old Town Scottsdale,"3815 N Brown Ave, Scottsdale, AZ 85251, USA",https://www.themissionaz.com/,33.49184,-111.9242954,ChIJDdNrlMALK4cRA3sbU-Dkxzw,https://maps.google.com/?cid=4379720814759213827&g_mp=Cidnb29nbGUubWFwcy5wbGFjZXMudjEuUGxhY2VzLlNlYXJjaFRleHQQAhgEIAA,The Mission Old Town,https://www.opentable.com/r/the-mission-old-town-scottsdale
Phoenix,Christopher's at Wrigley Mansion,Contemporary French,Biltmore,"2501 E Telawa Trail, Phoenix, AZ 85016, USA",http://wrigleymansion.com/christophers/,33.5228514,-112.0267977,ChIJ_T4sdGwNK4cRMTe0TiyYxeU,https://maps.google.com/?cid=16556806921163913009&g_mp=Cidnb29nbGUubWFwcy5wbGFjZXMudjEuUGxhY2VzLlNlYXJjaFRleHQQAhgEIAA,Christopher’s at Wrigley Mansion,https://www.opentable.com/r/christophers-at-wrigley-mansion-phoenix
Phoenix,Lom Wong,Thai,West Phoenix,"218 E Portland St, Phoenix, AZ 85004, USA",http://www.lomwongaz.com/,33.4601904,-112.0704312,ChIJ9XCqD8ATK4cR740G54zx61Q,https://maps.google.com/?cid=6119250106186632687&g_mp=Cidnb29nbGUubWFwcy5wbGFjZXMudjEuUGxhY2VzLlNlYXJjaFRleHQQAhgEIAA,Lom Wong,https://www.opentable.com/r/lom-wong-phoenix
Phoenix,Chilte,Contemporary Mexican,West Phoenix,"765 Grand Ave, Phoenix, AZ 85007, USA",https://www.chiltephx.com/,33.452812,-112.0845473,ChIJlfuBDSITK4cRI5pb4EA8W3E,https://maps.google.com/?cid=8168188598506199587&g_mp=Cidnb29nbGUubWFwcy5wbGFjZXMudjEuUGxhY2VzLlNlYXJjaFRleHQQAhgEIAA,Chilte,https://www.opentable.com/r/chilte-phoenix
Phoenix,Course,American,Central Scottsdale,"7366 E Shea Blvd Suite 106, Scottsdale, AZ 85260, USA",https://courserestaurantaz.com/,33.5841115,-111.9223001,ChIJj67OJA51K4cRaJY1lDLhU5U,https://maps.google.com/?cid=10760191542069401192&g_mp=Cidnb29nbGUubWFwcy5wbGFjZXMudjEuUGxhY2VzLlNlYXJjaFRleHQQAhgEIAA,Course Restaurant,https://www.opentable.com/r/course-scottsdale
Phoenix,Latha Restaurant,Contemporary American,Downtown Phoenix,"628 E Adams St, Phoenix, AZ 85004, USA",https://www.lathaphx.com/,33.4495883,-112.065452,ChIJ_SJvbs8TK4cRtRALGSjh9Uw,https://maps.google.com/?cid=5545586078511730869&g_mp=Cidnb29nbGUubWFwcy5wbGFjZXMudjEuUGxhY2VzLlNlYXJjaFRleHQQAhgEIAA,LATHA,https://www.opentable.com/r/latha-restaurant-phoenix
Pittsburgh,ELEVEN,American,Downtown,"1150 Smallman St, Pittsburgh, PA 15222, USA",http://www.elevenck.com/,40.4460652,-79.993172,ChIJWc78NOLzNIgRcQKCaa4pSCU,https://maps.google.com/?cid=2686443006797677169&g_mp=Cidnb29nbGUubWFwcy5wbGFjZXMudjEuUGxhY2VzLlNlYXJjaFRleHQQAhgEIAA,Eleven,https://www.opentable.com/eleven
Portland,Dolly Olive & Bar Dolly,Italian,Downtown,"527 SW 12th Ave, Portland, OR 97205, USA",http://dollyolivepdx.com/?utm_source=google-gmb-maps&utm_medium=gmb-website-button&utm_campaign=locl.io&utm_content=607740b1-c177-4d9d-8348-0cfbeba45699,45.5213826,-122.6839138,ChIJRafABQ8LlVQRK_PdEH4464Q,https://maps.google.com/?cid=9577811146633507627&g_mp=Cidnb29nbGUubWFwcy5wbGFjZXMudjEuUGxhY2VzLlNlYXJjaFRleHQQAhgEIAA,Dolly Olive,https://www.opentable.com/r/dolly-olive-portland
Portland,Oma's Hideaway,Indonesian / Malaysian,Southeast Portland,"3131 SE Division St, Portland, OR 97202, USA",http://omashideaway.com/,45.5049916,-122.6328854,ChIJ9Y056PihlVQRIV8suzu2aQI,https://maps.google.com/?cid=173870428290047777&g_mp=Cidnb29nbGUubWFwcy5wbGFjZXMudjEuUGxhY2VzLlNlYXJjaFRleHQQAhgEIAA,Oma's Hideaway,https://www.opentable.com/r/omas-hideaway-portland
Portland,Shalom Y'all,Mediterranean,Southeast Portland,"117 SE Taylor St #101, Portland, OR 97214, USA",http://www.shalomyallpdx.com/?utm_source=google-gmb-maps&utm_medium=gmb-website-button&utm_campaign=locl.io&utm_content=1e7967f7-164b-40c4-8d50-5ed83ed84e64,45.5152063,-122.6643926,ChIJw6Ll0gsKlVQRvZW9KVDP2Rc,https://maps.google.com/?cid=1718632676023178685&g_mp=Cidnb29nbGUubWFwcy5wbGFjZXMudjEuUGxhY2VzLlNlYXJjaFRleHQQAhgEIAA,Shalom Y'all,https://www.opentable.com/r/shalom-yall-portland
Portland,Arden,Contemporary American,Northwest Portland,"417 NW 10th Ave, Portland, OR 97209, USA",https://www.ardenpdx.com/,45.5260526,-122.681367,ChIJiR7c4gEKlVQR6sk4VSxK2QU,https://maps.google.com/?cid=421449594404653546&g_mp=Cidnb29nbGUubWFwcy5wbGFjZXMudjEuUGxhY2VzLlNlYXJjaFRleHQQAhgEIAA,Arden Restaurant Portland,https://www.opentable.com/r/arden-portland
Portland,Canard - Burnside,Contemporary American,Northeast Portland,"734 E Burnside St, Portland, OR 97214, USA",https://www.canardrestaurant.com/,45.522799,-122.6579997,ChIJN9nCjKWglVQRnr-YstaX95c,https://maps.google.com/?cid=10950387967349800862&g_mp=Cidnb29nbGUubWFwcy5wbGFjZXMudjEuUGxhY2VzLlNlYXJjaFRleHQQAhgEIAA,Canard,https://www.opentable.com/r/canard-burnside-portland
Portland,L'Orange,Mediterranean,Southeast Portland,"2005 SE 11th Ave, Portland, OR 97214, USA",http://www.lorangepdx.com/,45.5085199,-122.6549276,ChIJPV5W7FgLlVQRTbpl_7-POoc,https://maps.google.com/?cid=9744258798555871821&g_mp=Cidnb29nbGUubWFwcy5wbGFjZXMudjEuUGxhY2VzLlNlYXJjaFRleHQQAhgEIAA,L’ Orange,https://www.opentable.com/r/lorange-portland
Portland,Jeju,Korean,Southeast Portland,"626 SE Main St, Portland, OR 97214, USA",https://jejupdx.com/,45.513565,-122.6592454,ChIJKVDd_PULlVQR7irbVYO80is,https://maps.google.com/?cid=3157793561007303406&g_mp=Cidnb29nbGUubWFwcy5wbGFjZXMudjEuUGxhY2VzLlNlYXJjaFRleHQQAhgEIAA,Jeju Restaurant,https://www.opentable.com/r/jeju-portland
Portland,Nodoguro,Japanese Speciality,Downtown,"515 SW Broadway #100, Portland, OR 97205, USA",http://www.nodoguropdx.com/,45.520561,-122.679197,ChIJZTtw7ZaglVQRin14qvylu4s,https://maps.google.com/?cid=10068823896527240586&g_mp=Cidnb29nbGUubWFwcy5wbGFjZXMudjEuUGxhY2VzLlNlYXJjaFRleHQQAhgEIAA,Nodoguro,https://www.opentable.com/r/nodoguro-portland
Portland,Xiao Ye,American,Northeast Portland,"3832 NE Sandy Blvd, Portland, OR 97232, USA",https://www.xiaoyepdx.com/,45.534506,-122.623443,ChIJv5N1eA2hlVQRUfBlqlou3K0,https://maps.google.com/?cid=12527939230378618961&g_mp=Cidnb29nbGUubWFwcy5wbGFjZXMudjEuUGxhY2VzLlNlYXJjaFRleHQQAhgEIAA,Xiao Ye,https://www.opentable.com/r/xiao-ye-portland
Portland,Han Oak,Korean,Northeast Portland,"511 NE 24th Ave, Portland, OR 97232, USA",http://www.hanoakpdx.com/,45.5268066,-122.641835,ChIJpT2LSLiglVQRX93h8i2F_Yo,https://maps.google.com/?cid=10015307578736762207&g_mp=Cidnb29nbGUubWFwcy5wbGFjZXMudjEuUGxhY2VzLlNlYXJjaFRleHQQAhgEIAA,Han Oak Restaurant,https://www.opentable.com/r/han-oak-portland
Portland,Hayward,Farm-to-table,McMinnville,"209 N Kutch St, Carlton, OR 97111, USA",http://haywardrestaurant.com/,45.294625,-123.1788404,ChIJdalm_oZJlVQRYiSbYcW5Buc,https://maps.google.com/?cid=16647197330018870370&g_mp=Cidnb29nbGUubWFwcy5wbGFjZXMudjEuUGxhY2VzLlNlYXJjaFRleHQQAhgEIAA,Hayward,https://www.opentable.com/r/hayward-carlton
Raleigh,Poole's Diner,American,Raleigh,"428 South McDowell St, Raleigh, NC 27601, USA",http://ac-restaurants.com/pooles/,35.7746792,-78.6423138,ChIJG7DCGnFfrIkRvFlTUG3CZXw,https://maps.google.com/?cid=8963784408105703868&g_mp=Cidnb29nbGUubWFwcy5wbGFjZXMudjEuUGxhY2VzLlNlYXJjaFRleHQQAhgEIAA,Poole's,https://www.opentable.com/r/pooles-diner-raleigh
Raleigh,Tamasha Modern Indian,Indian,Raleigh,"4200 Six Forks Rd Suite # 130, Raleigh, NC 27609, USA",http://tamashanc.com/,35.8358919,-78.638385,ChIJ66WDseBZrIkRgVdJEkqPJQk,https://maps.google.com/?cid=659090468776793985&g_mp=Cidnb29nbGUubWFwcy5wbGFjZXMudjEuUGxhY2VzLlNlYXJjaFRleHQQAhgEIAA,Tamasha Modern Indian,https://www.opentable.com/r/tamasha-modern-indian-raleigh-1
Raleigh,Death & Taxes,American,Raleigh,"105 W Hargett St, Raleigh, NC 27601, USA",http://www.ac-restaurants.com/death-taxes/,35.7781944,-78.6404271,ChIJEyImA25frIkRsIhJGErQbQc,https://maps.google.com/?cid=535312947380586672&g_mp=Cidnb29nbGUubWFwcy5wbGFjZXMudjEuUGxhY2VzLlNlYXJjaFRleHQQAhgEIAA,Death and Taxes,https://www.opentable.com/r/death-and-taxes-raleigh
Raleigh,La Terrazza,Mediterranean,Raleigh,"223 S West St 9th Floor, Raleigh, NC 27603, USA",https://www.laterrazzaraleigh.com/,35.7774156,-78.645538,ChIJW_M2D1VfrIkR95GLq1KRelk,https://maps.google.com/?cid=6447625600785682935&g_mp=Cidnb29nbGUubWFwcy5wbGFjZXMudjEuUGxhY2VzLlNlYXJjaFRleHQQAhgEIAA,La Terrazza,https://www.opentable.com/r/la-terrazza-raleigh
Raleigh,Herons,American,Cary,"The Umstead Hotel and Spa, 100 Woodland Pond Dr, Cary, NC 27513, USA",http://www.theumstead.com/,35.8294788,-78.7645805,ChIJ1_XdgFvxrIkRHpsZkfg9SwI,https://maps.google.com/?cid=165293949124713246&g_mp=Cidnb29nbGUubWFwcy5wbGFjZXMudjEuUGxhY2VzLlNlYXJjaFRleHQQAhgEIAA,Herons,https://www.opentable.com/r/herons-cary
Rhode Island,Hemenway's,Seafood,Providence,"121 S Main St, Providence, RI 02903, USA",https://www.hemenwaysrestaurant.com/,41.8242135,-71.4069133,ChIJLQjzBBZF5IkRYX_d525MaUA,https://maps.google.com/?cid=4641324930202173281&g_mp=Cidnb29nbGUubWFwcy5wbGFjZXMudjEuUGxhY2VzLlNlYXJjaFRleHQQAhgEIAA,Hemenway's Restaurant,https://www.opentable.com/hemenways
Rhode Island,Gracie's,Contemporary American,Providence,"194 Washington St, Providence, RI 02903, USA",https://graciesprov.com/,41.822057,-71.4158905,ChIJ6R7n7xJF5IkRDCmt1jFy_AI,https://maps.google.com/?cid=215172440587577612&g_mp=Cidnb29nbGUubWFwcy5wbGFjZXMudjEuUGxhY2VzLlNlYXJjaFRleHQQAhgEIAA,Gracie's,https://www.opentable.com/gracies-providence
Rhode Island,Waterman Grille,American,Providence,"4 Richmond Square, Providence, RI 02906, USA",https://www.watermangrille.com/,41.827296,-71.38099,ChIJv4HVF9Na5IkRu_n11TW9JKM,https://maps.google.com/?cid=11755728966264420795&g_mp=Cidnb29nbGUubWFwcy5wbGFjZXMudjEuUGxhY2VzLlNlYXJjaFRleHQQAhgEIAA,Waterman Grille,https://www.opentable.com/waterman-grille
Rhode Island,Los Andes Restaurant,Peruvian,Providence,"903 Chalkstone Ave, Providence, RI 02908, USA",http://www.losandesri.com/,41.8332623,-71.4373663,ChIJU-2y9KVF5IkRZUJPYKz0qgw,https://maps.google.com/?cid=912810895683306085&g_mp=Cidnb29nbGUubWFwcy5wbGFjZXMudjEuUGxhY2VzLlNlYXJjaFRleHQQAhgEIAA,Los Andes,https://www.opentable.com/r/los-andes-restaurant-providence
Richmond,Stella's - Richmond,Greek,Richmond,"1012 Lafayette St, Richmond, VA 23221, USA",http://www.stellasrichmond.com/,37.5675531,-77.4864191,ChIJt33ecwkUsYkReaWRGici66E,https://maps.google.com/?cid=11667456810978223481&g_mp=Cidnb29nbGUubWFwcy5wbGFjZXMudjEuUGxhY2VzLlNlYXJjaFRleHQQAhgEIAA,Stella's,https://www.opentable.com/stellas-restaurant-richmond
Salt Lake City,Prohibition,American,Murray,"151 E 6100 S, Murray, UT 84107, USA",https://www.prohibitionutah.com/,40.6387136,-111.8868081,ChIJo1DVC5aJUocR0e8If_ZO_MM,https://maps.google.com/?cid=14122249352127246289&g_mp=Cidnb29nbGUubWFwcy5wbGFjZXMudjEuUGxhY2VzLlNlYXJjaFRleHQQAhgEIAA,Prohibition,https://www.opentable.com/r/prohibition-salt-lake-city
Salt Lake City,Monte,Contemporary American,South Salt Lake,"2245 S W Temple St, South Salt Lake, UT 84115, USA",https://monteslc.com/,40.7221246,-111.8933903,ChIJRYKVoI-LUocRq6kLwQ2NskI,https://maps.google.com/?cid=4806058842570598827&g_mp=Cidnb29nbGUubWFwcy5wbGFjZXMudjEuUGxhY2VzLlNlYXJjaFRleHQQAhgEIAA,Monte,https://www.opentable.com/r/monte-south-salt-lake
Salt Lake City,Sunday's Best at the Post District,Breakfast,Downtown,"505 Gale St, Salt Lake City, UT 84101, USA",https://www.brunchmehard.com/,40.75822,-111.9010044,ChIJR1lcgir1UocRxzQkDNdlQq8,https://maps.google.com/?cid=12628768279396365511&g_mp=Cidnb29nbGUubWFwcy5wbGFjZXMudjEuUGxhY2VzLlNlYXJjaFRleHQQAhgEIAA,Sunday's Best Salt Lake at the Post District,https://www.opentable.com/r/sundays-best-at-the-post-district-salt-lake-city
Salt Lake City,Matteo Ristorante Italiano,Italian,Salt Lake City,"77 W 200 S #100, Salt Lake City, UT 84101, USA",https://www.matteoslc.com/,40.7646925,-111.8935288,ChIJ_7KMPoL1UocRTINZ23W380M,https://maps.google.com/?cid=4896458936700994380&g_mp=Cidnb29nbGUubWFwcy5wbGFjZXMudjEuUGxhY2VzLlNlYXJjaFRleHQQAhgEIAA,Matteo Ristorante Italiano,https://www.opentable.com/r/matteo-ristorante-italiano-salt-lake-city
Salt Lake City,Cosmica,Italian,People's Freeway,"945 S 300 W #102, Salt Lake City, UT 84101, USA",http://cosmicasaltlake.com/,40.7484143,-111.8994623,ChIJXZCXsHH1UocRrKwotAWg5MQ,https://maps.google.com/?cid=14187640672481750188&g_mp=Cidnb29nbGUubWFwcy5wbGFjZXMudjEuUGxhY2VzLlNlYXJjaFRleHQQAhgEIAA,Cosmica,https://www.opentable.com/r/cosmica-salt-lake-city
Salt Lake City,Chase Sapphire Reserve presents Frasca Food and Wine,Italian,Park City,"201 Heber Ave, Park City, UT 84060, USA",,40.6466431,-111.4968083,ChIJu2lHLb1yUocR-OS8bCy989A,https://maps.google.com/?cid=15056585977730229496&g_mp=Cidnb29nbGUubWFwcy5wbGFjZXMudjEuUGxhY2VzLlNlYXJjaFRleHQQAhgEIAA,Chase Sapphire Reserve presents Frasca Food and Wine,https://www.opentable.com/r/chase-sapphire-reserve-presents-frasca-food-and-wine-park-city
San Antonio,Clementine,Contemporary American,North Central,"2195 NW Military Hwy, San Antonio, TX 78213, USA",http://www.clementine-sa.com/,29.5329986,-98.521877,ChIJhTgapmZgXIYRRv5WRGTgrn4,https://maps.google.com/?cid=9128480215974477382&g_mp=Cidnb29nbGUubWFwcy5wbGFjZXMudjEuUGxhY2VzLlNlYXJjaFRleHQQAhgEIAA,Clementine,https://www.opentable.com/r/clementine-san-antonio-castle-hills
San Diego,C-Level,Cocktail Bar,Downtown,"880 Harbor Island Dr, San Diego, CA 92101, USA",https://www.clevelsd.com/,32.7241309,-117.188588,ChIJ6VN5EEGr3oARraHXh1nFwkc,https://maps.google.com/?cid=5170912310496567725&g_mp=Cidnb29nbGUubWFwcy5wbGFjZXMudjEuUGxhY2VzLlNlYXJjaFRleHQQAhgEIAA,C Level Lounge,https://www.opentable.com/r/c-level-san-diego
San Diego,Ironside Fish & Oyster,Seafood,Little Italy,"1654 India St, San Diego, CA 92101, USA",https://ironsidefishandoyster.com/,32.7226753,-117.1685793,ChIJPS6B761U2YARa3DpXVLayRk,https://maps.google.com/?cid=1858256368564793451&g_mp=Cidnb29nbGUubWFwcy5wbGFjZXMudjEuUGxhY2VzLlNlYXJjaFRleHQQAhgEIAA,Ironside Fish & Oyster,https://www.opentable.com/r/fortunate-son-san-diego
San Diego,Coasterra,Mexican,Harbor Island,"880 B Harbor Island Dr, San Diego, CA 92101, USA",https://www.coasterra.com/,32.724324,-117.1881433,ChIJUyrzgUar3oARS0vU1_MTV7Y,https://maps.google.com/?cid=13138992375895706443&g_mp=Cidnb29nbGUubWFwcy5wbGFjZXMudjEuUGxhY2VzLlNlYXJjaFRleHQQAhgEIAA,Coasterra,https://www.opentable.com/r/coasterra-san-diego-3
San Diego,Marisi,Italian,La Jolla,"1044 Wall St, La Jolla, CA 92037, USA",https://www.marisilajolla.com/,32.8471174,-117.2735361,ChIJSyt72B8D3IARvHb1huG7riI,https://maps.google.com/?cid=2499141420543473340&g_mp=Cidnb29nbGUubWFwcy5wbGFjZXMudjEuUGxhY2VzLlNlYXJjaFRleHQQAhgEIAA,Marisi,https://www.opentable.com/r/marisi-la-jolla
San Diego,Herb & Wood,Californian,Little Italy,"2210 Kettner Blvd, San Diego, CA 92101, USA",https://www.herbandwood.com/,32.7273343,-117.1710044,ChIJ2_K2drNU2YAR-y2McDRLW_4,https://maps.google.com/?cid=18328325797112983035&g_mp=Cidnb29nbGUubWFwcy5wbGFjZXMudjEuUGxhY2VzLlNlYXJjaFRleHQQAhgEIAA,Herb & Wood,https://www.opentable.com/r/le-coq-san-diego
San Diego,Animae,Contemporary Asian,Downtown,"969 Pacific Hwy, San Diego, CA 92101, USA",https://www.animaesd.com/,32.715116,-117.170522,ChIJt5Pir59V2YARSbWCFTJwS-c,https://maps.google.com/?cid=16666538206426215753&g_mp=Cidnb29nbGUubWFwcy5wbGFjZXMudjEuUGxhY2VzLlNlYXJjaFRleHQQAhgEIAA,Animae,https://www.opentable.com/r/animae-san-diego
San Diego,Juniper & Ivy,Farm-to-table,Little Italy,"2228 Kettner Blvd, San Diego, CA 92101, USA",https://www.juniperandivy.com/,32.7274546,-117.1711882,ChIJU0G2erNU2YAR9XScAoqtvgU,https://maps.google.com/?cid=413959024025564405&g_mp=Cidnb29nbGUubWFwcy5wbGFjZXMudjEuUGxhY2VzLlNlYXJjaFRleHQQAhgEIAA,Juniper and Ivy,https://www.opentable.com/r/juniper-and-ivy-san-diego
San Diego,Kettner Exchange,Contemporary American,Little Italy,"2001 Kettner Blvd, San Diego, CA 92101, USA",http://www.kettnerexchange.com/,32.7253645,-117.1697595,ChIJs7N7gbRU2YARkSPbQpAGTUM,https://maps.google.com/?cid=4849539590414607249&g_mp=Cidnb29nbGUubWFwcy5wbGFjZXMudjEuUGxhY2VzLlNlYXJjaFRleHQQAhgEIAA,Kettner Exchange,https://www.opentable.com/r/kettner-exchange-san-diego
San Diego,Island Prime,Steakhouse,Downtown,"880 Harbor Island Dr, San Diego, CA 92101, USA",https://www.islandprime.com/,32.7241177,-117.188668,ChIJ6VN5EEGr3oARsKWzNqTsnSM,https://maps.google.com/?cid=2566467552707585456&g_mp=Cidnb29nbGUubWFwcy5wbGFjZXMudjEuUGxhY2VzLlNlYXJjaFRleHQQAhgEIAA,Island Prime,https://www.opentable.com/r/island-prime-san-diego-4
San Diego,The Marine Room,Seafood,La Jolla,"1950 Spindrift Dr, La Jolla, CA 92037, USA",https://www.marineroom.com/?utm_source=google&utm_medium=organic&utm_campaign=gbp_listing,32.8528366,-117.2601311,ChIJJ98fR1EB3IARZ1CA8EOsNLM,https://maps.google.com/?cid=12913135439375781991&g_mp=Cidnb29nbGUubWFwcy5wbGFjZXMudjEuUGxhY2VzLlNlYXJjaFRleHQQAhgEIAA,The Marine Room,https://www.opentable.com/r/the-marine-room-la-jolla
San Diego,Paradisaea,Californian,La Jolla,"5680 La Jolla Blvd, San Diego, CA 92037, USA",https://www.paradisaea.com/,32.815358,-117.2707638,ChIJMxZpRPwD3IARF8O8ydaf80E,https://maps.google.com/?cid=4752317776662414103&g_mp=Cidnb29nbGUubWFwcy5wbGFjZXMudjEuUGxhY2VzLlNlYXJjaFRleHQQAhgEIAA,Paradisaea,https://www.opentable.com/r/paradisaea-la-jolla
San Diego,Solare Ristorante Lounge,Italian,Point Loma,"2820 Roosevelt Rd, San Diego, CA 92106, USA",https://solarelounge.com/,32.7373632,-117.2140079,ChIJa40JJASr3oARh1w_G1Xq1wo,https://maps.google.com/?cid=781350711622327431&g_mp=Cidnb29nbGUubWFwcy5wbGFjZXMudjEuUGxhY2VzLlNlYXJjaFRleHQQAhgEIAA,Solare Ristorante,https://www.opentable.com/r/solare-ristorante-lounge-san-diego
San Diego,The Whaling Bar,Californian,La Jolla,"1132 Prospect St, La Jolla, CA 92037, USA",https://www.lavalencia.com/dining/the-whaling-bar,32.8485632,-117.2734965,ChIJX5Ni8_sD3IARZLv5Sk-Pjvo,https://maps.google.com/?cid=18054525526897965924&g_mp=Cidnb29nbGUubWFwcy5wbGFjZXMudjEuUGxhY2VzLlNlYXJjaFRleHQQAhgEIAA,The Whaling Bar,https://www.opentable.com/r/the-whaling-bar-san-diego
San Diego,Casa Gabriela,Mexican,La Mesa,"8384 La Mesa Blvd, La Mesa, CA 91942, USA",https://www.casagabrielalamesa.com/,32.7658491,-117.017531,ChIJ32BwVzxX2YARs1Q-jjqvEhI,https://maps.google.com/?cid=1302295908292908211&g_mp=Cidnb29nbGUubWFwcy5wbGFjZXMudjEuUGxhY2VzLlNlYXJjaFRleHQQAhgEIAA,Casa Gabriela,https://www.opentable.com/r/casa-gabriela-la-mesa
San Diego,Herb & Sea,Californian,Encinitas,"131 W D St, Encinitas, CA 92024, USA",https://www.herbandsea.com/,33.0457487,-117.2943943,ChIJsYpjlBMN3IARN86hE1LRUvM,https://maps.google.com/?cid=17533306449753656887&g_mp=Cidnb29nbGUubWFwcy5wbGFjZXMudjEuUGxhY2VzLlNlYXJjaFRleHQQAhgEIAA,Herb & Sea,https://www.opentable.com/r/herb-and-sea-encinitas
San Diego,KINDRED,Vegetarian / Vegan,South Park,"1503 30th St, San Diego, CA 92102, USA",http://www.barkindred.com/,32.7214597,-117.1300628,ChIJn169L35T2YARxr4Mv3Tqj0Q,https://maps.google.com/?cid=4940425103391112902&g_mp=Cidnb29nbGUubWFwcy5wbGFjZXMudjEuUGxhY2VzLlNlYXJjaFRleHQQAhgEIAA,KINDRED,https://www.opentable.com/r/kindred-san-diego
San Diego,Vintana Wine & Dine,American,Escondido,"1205 Auto Park Way, Escondido, CA 92029, USA",https://www.dinevintana.com/,33.1067716,-117.0967838,ChIJ2R1niIn024ARUTbpQ6TNOMo,https://maps.google.com/?cid=14571622699754927697&g_mp=Cidnb29nbGUubWFwcy5wbGFjZXMudjEuUGxhY2VzLlNlYXJjaFRleHQQAhgEIAA,Vintana Wine + Dine,https://www.opentable.com/r/the-prado-at-balboa-park-san-diego
San Diego,Lilo,Californian,Carlsbad,"2571 Roosevelt St, Carlsbad, CA 92008, USA",http://restaurantlilo.com/,33.1643711,-117.3514691,ChIJi_11lwRy3IARYn7ySFVDrxw,https://maps.google.com/?cid=2066944787561479778&g_mp=Cidnb29nbGUubWFwcy5wbGFjZXMudjEuUGxhY2VzLlNlYXJjaFRleHQQAhgEIAA,Lilo,https://www.opentable.com/r/lilo-carlsbad
San Diego,Jeune et Jolie,Contemporary French,Carlsbad,"2659 State St Suite 102, Carlsbad, CA 92008, USA",http://jeune-jolie.com/,33.1629346,-117.3517258,ChIJjzQAaqpz3IAREZe5sCZsfGY,https://maps.google.com/?cid=7384896402410280721&g_mp=Cidnb29nbGUubWFwcy5wbGFjZXMudjEuUGxhY2VzLlNlYXJjaFRleHQQAhgEIAA,Jeune et Jolie,https://www.opentable.com/r/jeune-et-jolie-san-diego
San Francisco,Burdell,Soul food,Oakland,"4640 Telegraph Ave, Oakland, CA 94609, USA",https://www.burdelloakland.com/,37.8341322,-122.2628742,ChIJhbOI3IV9hYARgm81YGBk9CQ,https://maps.google.com/?cid=2662863644776558466&g_mp=Cidnb29nbGUubWFwcy5wbGFjZXMudjEuUGxhY2VzLlNlYXJjaFRleHQQAhgEIAA,Burdell,https://www.opentable.com/r/burdell-oakland
San Francisco,Popoca,Latin American,Oakland,"906 Washington St, Oakland, CA 94607, USA",http://www.popocaoakland.com/,37.8015027,-122.2741989,ChIJI_joGhOBj4ARoZJyTNAMBBQ,https://maps.google.com/?cid=1442291869440709281&g_mp=Cidnb29nbGUubWFwcy5wbGFjZXMudjEuUGxhY2VzLlNlYXJjaFRleHQQAhgEIAA,Popoca Oakland,https://www.opentable.com/r/popoca-oakland
San Francisco,Che Fico San Francisco,Italian,North Panhandle / USF,"838 Divisadero St, San Francisco, CA 94117, USA",https://www.chefico.com/,37.7773909,-122.438146,ChIJa19vTLCAhYARXDWaUW9pGwA,https://maps.google.com/?cid=7715751202534748&g_mp=Cidnb29nbGUubWFwcy5wbGFjZXMudjEuUGxhY2VzLlNlYXJjaFRleHQQAhgEIAA,Che Fico,https://www.opentable.com/r/che-fico-pizzeria-chase-center-san-francisco
San Francisco,The Progress,Contemporary American,Western Addition,"1525 Fillmore St, San Francisco, CA 94115, USA",http://www.theprogress-sf.com/,37.7836666,-122.4329707,ChIJ8zXoo7mAhYARtoa-WE3d5NE,https://maps.google.com/?cid=15124456772888069814&g_mp=Cidnb29nbGUubWFwcy5wbGFjZXMudjEuUGxhY2VzLlNlYXJjaFRleHQQAhgEIAA,The Progress,https://www.opentable.com/r/the-progress-san-francisco-1
San Francisco,Angler San Francisco,American,Financial District / Embarcadero,"132 The Embarcadero, San Francisco, CA 94105, USA",https://www.anglerrestaurants.com/,37.7930864,-122.392181,ChIJgURgKGuBhYARMIlKBN79aOQ,https://maps.google.com/?cid=16458683968222038320&g_mp=Cidnb29nbGUubWFwcy5wbGFjZXMudjEuUGxhY2VzLlNlYXJjaFRleHQQAhgEIAA,Angler,https://www.opentable.com/r/angler-san-francisco
San Francisco,Niku Steakhouse,Steakhouse,SOMA,"61 Division St, San Francisco, CA 94103, USA",https://www.nikusteakhouse.com/,37.7696906,-122.4035175,ChIJ9fZ1hrV_j4AR-j0CLhwaYc0,https://maps.google.com/?cid=14799138558849465850&g_mp=Cidnb29nbGUubWFwcy5wbGFjZXMudjEuUGxhY2VzLlNlYXJjaFRleHQQAhgEIAA,Niku Steakhouse,https://www.opentable.com/r/niku-steakhouse-san-francisco
San Francisco,Bodega SF,Vietnamese,Financial District / Embarcadero,"138 Mason St, San Francisco, CA 94102, USA",http://bodegarestaurants.com/,37.7848262,-122.4093022,ChIJh26QnF1_j4AR3B7n6vAHjHQ,https://maps.google.com/?cid=8398096136453693148&g_mp=Cidnb29nbGUubWFwcy5wbGFjZXMudjEuUGxhY2VzLlNlYXJjaFRleHQQAhgEIAA,Bodega SF,https://www.opentable.com/r/bodega-sf-san-francisco
San Francisco,Rich Table,Californian,Western Addition,"199 Gough St, San Francisco, CA 94102, USA",http://richtablesf.com/,37.7748657,-122.4228497,ChIJh_24QJ-AhYAR_xbUNVN2Xns,https://maps.google.com/?cid=8889672814233392895&g_mp=Cidnb29nbGUubWFwcy5wbGFjZXMudjEuUGxhY2VzLlNlYXJjaFRleHQQAhgEIAA,Rich Table,https://www.opentable.com/r/rich-table-san-francisco
San Francisco,Gary Danko,Contemporary French / American,Fisherman's Wharf,"800 North Point St, San Francisco, CA 94109, USA",http://www.garydanko.com/,37.8058651,-122.4206043,ChIJq342JeGAhYARwdtH9tlX7gg,https://maps.google.com/?cid=643548390411983809&g_mp=Cidnb29nbGUubWFwcy5wbGFjZXMudjEuUGxhY2VzLlNlYXJjaFRleHQQAhgEIAA,Gary Danko,https://www.opentable.com/gary-danko
San Francisco,little shucker,Seafood,Pacific Heights,"2016 Fillmore St, San Francisco, CA 94115, USA",http://littleshucker.com/,37.7882506,-122.4335324,ChIJwe9MfAyBhYAR1aUHKoeBbTw,https://maps.google.com/?cid=4354278832262850005&g_mp=Cidnb29nbGUubWFwcy5wbGFjZXMudjEuUGxhY2VzLlNlYXJjaFRleHQQAhgEIAA,little shucker,https://www.opentable.com/r/little-shucker-san-francisco
San Francisco,Saison Cellar & Wine Bar - San Francisco,Wine Bar,SOMA,"234 Townsend St, San Francisco, CA 94107, USA",https://saisonwinebar.com/,37.7782071,-122.3938085,ChIJRRzWRNZ_j4ARc86WTVLCrYk,https://maps.google.com/?cid=9920799212911906419&g_mp=Cidnb29nbGUubWFwcy5wbGFjZXMudjEuUGxhY2VzLlNlYXJjaFRleHQQAhgEIAA,Saison Cellar & Wine Bar,https://www.opentable.com/r/saison-cellar-and-wine-bar-san-francisco
San Francisco,Aziza,Californian,Richmond District,"5800 Geary Blvd, San Francisco, CA 94121, USA",http://www.azizasf.com/,37.7804334,-122.481706,ChIJb-KW6Q-HhYAR4NlucuMP_HE,https://maps.google.com/?cid=8213457289968802272&g_mp=Cidnb29nbGUubWFwcy5wbGFjZXMudjEuUGxhY2VzLlNlYXJjaFRleHQQAhgEIAA,Aziza,https://www.opentable.com/r/aziza-san-francisco
San Francisco,Hilda and Jesse,Contemporary American,North Beach,"701 Union St, San Francisco, CA 94133, USA",http://www.hildaandjessesf.com/,37.8000413,-122.4110437,ChIJOTx-qBuBhYARiQ7wRTHOyj4,https://maps.google.com/?cid=4524655486669164169&g_mp=Cidnb29nbGUubWFwcy5wbGFjZXMudjEuUGxhY2VzLlNlYXJjaFRleHQQAhgEIAA,Hilda and Jesse,https://www.opentable.com/r/hilda-and-jesse-san-francisco
San Francisco,Saison,American,SOMA,"178 Townsend St, San Francisco, CA 94107, USA",https://www.saisonsf.com/,37.7795228,-122.3922691,ChIJPUo32Aj3MhURXL06eVIEoHc,https://maps.google.com/?cid=8619894439054851420&g_mp=Cidnb29nbGUubWFwcy5wbGFjZXMudjEuUGxhY2VzLlNlYXJjaFRleHQQAhgEIAA,Saison,https://www.opentable.com/r/saison-san-francisco-2
San Francisco,Californios,Mexican,SOMA,"355 11th St, San Francisco, CA 94103, USA",https://www.californiossf.com/?utm_source=google&utm_medium=organic&utm_campaign=gbp-website-link,37.7714672,-122.4128723,ChIJIfD0wjh-j4ARbWVBlaGpKnU,https://maps.google.com/?cid=8442746962918335853&g_mp=Cidnb29nbGUubWFwcy5wbGFjZXMudjEuUGxhY2VzLlNlYXJjaFRleHQQAhgEIAA,Californios,https://www.opentable.com/r/californios-san-francisco
San Francisco,Selby's,American,Menlo Park,"3001 El Camino Real, Redwood City, CA 94061, USA",http://www.selbysrestaurant.com/,37.4685773,-122.210373,ChIJN6lxI3Kjj4ARtyvHC8OJ__k,https://maps.google.com/?cid=18014268505314503607&g_mp=Cidnb29nbGUubWFwcy5wbGFjZXMudjEuUGxhY2VzLlNlYXJjaFRleHQQAhgEIAA,Selby's,https://www.opentable.com/r/selbys-redwood-city
San Francisco,O' by Claude Le Tohic,Contemporary French,Downtown / Union Square,"165 O'Farrell St 5th Floor, San Francisco, CA 94102, USA",https://one65sf.com/concept/o/,37.7862462,-122.407371,ChIJ4SzE19OBhYAR4joNN1MIW-8,https://maps.google.com/?cid=17247388351444368098&g_mp=Cidnb29nbGUubWFwcy5wbGFjZXMudjEuUGxhY2VzLlNlYXJjaFRleHQQAhgEIAA,O' by Claude Le Tohic,https://www.opentable.com/r/o-by-claude-le-tohic-san-francisco
San Francisco,Nisei,Japanese,Russian Hill,"2316 Polk St, San Francisco, CA 94109, USA",https://www.restaurantnisei.com/?utm_source=google&utm_medium=organic&utm_campaign=gbp-website-link,37.7981765,-122.4220853,ChIJYSfspPSBhYARcVCbbkjGXg0,https://maps.google.com/?cid=963425384699482225&g_mp=Cidnb29nbGUubWFwcy5wbGFjZXMudjEuUGxhY2VzLlNlYXJjaFRleHQQAhgEIAA,Nisei,https://www.opentable.com/r/nisei-san-francisco
San Francisco,PRESS Restaurant,American,St. Helena,"587 St Helena Hwy, St Helena, CA 94574, USA",http://www.pressnapavalley.com/,38.488889,-122.4506605,ChIJq4L3m9NQhIAR8MaZwYPwSjY,https://maps.google.com/?cid=3912203675004159728&g_mp=Cidnb29nbGUubWFwcy5wbGFjZXMudjEuUGxhY2VzLlNlYXJjaFRleHQQAhgEIAA,PRESS Restaurant,https://www.opentable.com/r/press-restaurant-st-helena
San Francisco,SingleThread Restaurant & Inn,Californian,Healdsburg,"131 North St, Healdsburg, CA 95448, USA",http://singlethreadfarms.com/,38.6123026,-122.8697032,ChIJ8TVwjTMXhIARQ5MLkvMyVvY,https://maps.google.com/?cid=17750431003036062531&g_mp=Cidnb29nbGUubWFwcy5wbGFjZXMudjEuUGxhY2VzLlNlYXJjaFRleHQQAhgEIAA,SingleThread Farm - Restaurant - Inn,https://www.opentable.com/r/singlethreadfarms
San Francisco,Chez Noir,French,Carmel,"5th Ave between Dolores and, San Carlos St, Carmel-By-The-Sea, CA 93921, USA",http://cheznoircarmel.com/?utm_source=gmb&utm_medium=referral,36.5569346,-121.9223308,ChIJSZwHIcTnjYAR40RvFRpNQLM,https://maps.google.com/?cid=12916408505722684643&g_mp=Cidnb29nbGUubWFwcy5wbGFjZXMudjEuUGxhY2VzLlNlYXJjaFRleHQQAhgEIAA,Chez Noir,https://www.opentable.com/r/chez-noir-carmel-by-the-sea
San Francisco,Ella Dining Room and Bar,Contemporary American,Sacramento,"1131 K St, Sacramento, CA 95814, USA",http://www.elladiningroomandbar.com/,38.5786494,-121.4913589,ChIJDTV11inRmoARHjvStcVfFvA,https://maps.google.com/?cid=17300120321353988894&g_mp=Cidnb29nbGUubWFwcy5wbGFjZXMudjEuUGxhY2VzLlNlYXJjaFRleHQQAhgEIAA,Ella Dining Room & Bar,https://www.opentable.com/ella-dining-room-and-bar
San Francisco,Camden Spit and Larder,American,Sacramento,"555 Capitol Mall #100, Sacramento, CA 95814, USA",https://www.camdenspitandlarder.com/,38.5787917,-121.5002624,ChIJicxCBvrRmoARWyWDwvGfVEo,https://maps.google.com/?cid=5356081717549671771&g_mp=Cidnb29nbGUubWFwcy5wbGFjZXMudjEuUGxhY2VzLlNlYXJjaFRleHQQAhgEIAA,Camden Spit & Larder,https://www.opentable.com/r/camden-spit-and-larder-sacramento
San Francisco,Canon,American,Sacramento,"1719 34th St, Sacramento, CA 95816, USA",http://canoneastsac.com/,38.564372,-121.4647757,ChIJIbUPkY3QmoARgxK74yMNKrs,https://maps.google.com/?cid=13486606481910076035&g_mp=Cidnb29nbGUubWFwcy5wbGFjZXMudjEuUGxhY2VzLlNlYXJjaFRleHQQAhgEIAA,Canon,https://www.opentable.com/r/foreign-cinema-san-francisco
Seattle,Lark,Contemporary American,Capitol Hill / First Hill,"952 E Seneca St, Seattle, WA 98122, USA",http://www.larkseattle.com/,47.6123126,-122.3196472,ChIJbymR3M5qkFQRV-SDe-2mo0Y,https://maps.google.com/?cid=5090095542768493655&g_mp=Cidnb29nbGUubWFwcy5wbGFjZXMudjEuUGxhY2VzLlNlYXJjaFRleHQQAhgEIAA,Lark Restaurant,https://www.opentable.com/r/the-lark-santa-barbara
Seattle,Atoma Seattle,Contemporary American,Wallingford,"1411 N 45th St, Seattle, WA 98103, USA",http://atomaseattle.com/,47.6611903,-122.3400915,ChIJP5ORMF4VkFQRVKmB5mWJIrA,https://maps.google.com/?cid=12691857770635438420&g_mp=Cidnb29nbGUubWFwcy5wbGFjZXMudjEuUGxhY2VzLlNlYXJjaFRleHQQAhgEIAA,Atoma,https://www.opentable.com/r/atoma-seattle
Seattle,Westward,Northwest,Wallingford,"2501 N Northlake Way, Seattle, WA 98103, USA",https://www.westwardseattle.com/,47.6517196,-122.3287866,ChIJpf3ouPsUkFQRNwzFg5lRpqA,https://maps.google.com/?cid=11576029611985013815&g_mp=Cidnb29nbGUubWFwcy5wbGFjZXMudjEuUGxhY2VzLlNlYXJjaFRleHQQAhgEIAA,Westward,https://www.opentable.com/r/deep-dive-seattle
Seattle,Takai by Kashiba,Sushi,Bellevue,"180 Bellevue Way NE, Bellevue, WA 98004, USA",https://takaibykashiba.com/,47.6115683,-122.2012879,ChIJB8PPeYdskFQRKkBJfiZLuXE,https://maps.google.com/?cid=8194663625676898346&g_mp=Cidnb29nbGUubWFwcy5wbGFjZXMudjEuUGxhY2VzLlNlYXJjaFRleHQQAhgEIAA,Takai by Kashiba,https://www.opentable.com/r/takai-by-kashiba-bellevue
Seattle,Cafe Juanita,Italian,Kirkland,"9702 NE 120th Pl, Kirkland, WA 98034, USA",http://www.cafejuanita.com/,47.7076424,-122.2124105,ChIJ1UomSm8SkFQRUa0i87J0XU0,https://maps.google.com/?cid=5574740225686678865&g_mp=Cidnb29nbGUubWFwcy5wbGFjZXMudjEuUGxhY2VzLlNlYXJjaFRleHQQAhgEIAA,Cafe Juanita,https://www.opentable.com/r/cafe-juanita-kirkland
Seattle,TOMO,American,White Center,"9811 16th Ave SW, Seattle, WA 98106, USA",http://www.tomoseattle.com/,47.515202,-122.355379,ChIJVXtGnf9DkFQRjGttadeESbA,https://maps.google.com/?cid=12702830284696808332&g_mp=Cidnb29nbGUubWFwcy5wbGFjZXMudjEuUGxhY2VzLlNlYXJjaFRleHQQAhgEIAA,TOMO,https://www.opentable.com/r/tomo-seattle
St. Louis,Olive + Oak,American,St. Louis,"216 W Lockwood Ave, Webster Groves, MO 63119, USA",https://oliveandoak.oohosp.com/,38.5931132,-90.3615256,ChIJOXjgRJTL2IcRi6_VP2hyBJQ,https://maps.google.com/?cid=10665775609593311115&g_mp=Cidnb29nbGUubWFwcy5wbGFjZXMudjEuUGxhY2VzLlNlYXJjaFRleHQQAhgEIAA,Olive + Oak,https://www.opentable.com/r/olive-and-oak-saint-louis
St. Louis,Madrina,Italian,Webster Groves,"101 W Lockwood Ave, Webster Groves, MO 63119, USA",https://madrinastl.com/,38.5931592,-90.3596313,ChIJQRea2RjL2IcRG1IrSbPUqek,https://maps.google.com/?cid=16837222548393120283&g_mp=Cidnb29nbGUubWFwcy5wbGFjZXMudjEuUGxhY2VzLlNlYXJjaFRleHQQAhgEIAA,Madrina,https://www.opentable.com/r/madrina-saint-louis
Tampa,Psomi,Greek,Tampa,"701 N Howard Ave, Tampa, FL 33606, USA",http://www.eatpsomi.com/,27.9501545,-82.4827529,ChIJ_RvwD3nDwogRCeHQydPsx_k,https://maps.google.com/?cid=17998614830177640713&g_mp=Cidnb29nbGUubWFwcy5wbGFjZXMudjEuUGxhY2VzLlNlYXJjaFRleHQQAhgEIAA,Psomi,https://www.opentable.com/r/psomi-tampa
Tampa,Predalina,Mediterranean,Tampa,"1001 E Cumberland Ave, Tampa, FL 33602, USA",https://predalina.com/,27.944868,-82.4500045,ChIJ7aECsrzFwogRKra8aP0X5cE,https://maps.google.com/?cid=13971599796138194474&g_mp=Cidnb29nbGUubWFwcy5wbGFjZXMudjEuUGxhY2VzLlNlYXJjaFRleHQQAhgEIAA,Predalina,https://www.opentable.com/r/predalina-tampa
Tampa,Fortu,Contemporary Asian,St. Petersburg,"97 Central Ave, St. Petersburg, FL 33701, USA",http://forturestaurants.com/,27.7713914,-82.633608,ChIJdaUo-PPhwogRii2HqysdgjI,https://maps.google.com/?cid=3639503522267344266&g_mp=Cidnb29nbGUubWFwcy5wbGFjZXMudjEuUGxhY2VzLlNlYXJjaFRleHQQAhgEIAA,Fortu,https://www.opentable.com/r/fortu-st-petersburg
Tampa,Il Ritorno,Italian,St. Petersburg,"449 Central Ave #101st, St. Petersburg, FL 33701, USA",http://www.ilritornodowntown.com/,27.771354,-82.639632,ChIJ3SpvbYPhwogRS17En4FSzVI,https://maps.google.com/?cid=5966515798020480587&g_mp=Cidnb29nbGUubWFwcy5wbGFjZXMudjEuUGxhY2VzLlNlYXJjaFRleHQQAhgEIAA,Il Ritorno,https://www.opentable.com/r/il-ritorno-st-petersburg
Tulsa,Ava June,French,East Village,"1301 E 15th St, Tulsa, OK 74120, USA",https://avajunetulsa.com/,36.140757,-95.97549,ChIJxVi45czttocRd7SK3NJiBZI,https://maps.google.com/?cid=10521924762203763831&g_mp=Cidnb29nbGUubWFwcy5wbGFjZXMudjEuUGxhY2VzLlNlYXJjaFRleHQQAhgEIAA,Ava June,https://www.opentable.com/r/ava-june-tulsa
Tulsa,Amelia's Wood-Fired Cuisine,American,Tulsa,"122 N Boston Ave, Tulsa, OK 74103, USA",http://amelias.us/,36.1583455,-95.9925996,ChIJ1z-4wYLrtocRddVu8VBm_Ss,https://maps.google.com/?cid=3169802210572686709&g_mp=Cidnb29nbGUubWFwcy5wbGFjZXMudjEuUGxhY2VzLlNlYXJjaFRleHQQAhgEIAA,Amelia's Wood Fired Cuisine,https://www.opentable.com/r/amelias-woodfired-cuisine-tulsa
Tulsa,LoFi,Pizzeria,Tulsa,"1301 E 15th St, Tulsa, OK 74120, USA",https://www.lofitulsa.com/,36.1408046,-95.9754136,ChIJvzei1O_ttocRg8jn5k5BmYw,https://maps.google.com/?cid=10131200643883845763&g_mp=Cidnb29nbGUubWFwcy5wbGFjZXMudjEuUGxhY2VzLlNlYXJjaFRleHQQAhgEIAA,LoFi,https://www.opentable.com/r/lofi-tulsa
Washington DC,Amazonia,Peruvian,Mount Vernon Square,"920 Blagden Alley NW 2nd Floor, Washington, DC 20001, USA",http://amazoniadc.com/,38.9065162,-77.0247586,ChIJsdbOywi3t4kR4h2lslSr_6w,https://maps.google.com/?cid=12465870673847590370&g_mp=Cidnb29nbGUubWFwcy5wbGFjZXMudjEuUGxhY2VzLlNlYXJjaFRleHQQAhgEIAA,Amazonia (2nd Floor) | Causa (1st Floor),https://www.opentable.com/r/amazonia-washington
Washington DC,Dauphine's,Contemporary American,Downtown,"1100 15th St NW, Washington, DC 20005, USA",http://www.dauphinesdc.com/,38.9042719,-77.0349714,ChIJBS1Str-3t4kRHc6BoYLGD0A,https://maps.google.com/?cid=4616126407435734557&g_mp=Cidnb29nbGUubWFwcy5wbGFjZXMudjEuUGxhY2VzLlNlYXJjaFRleHQQAhgEIAA,Dauphine’s,https://www.opentable.com/r/dauphines-washington
Washington DC,Thip Khao,Laotian,Columbia Heights / Brightwood,"3462 14th St NW, Washington, DC 20010, USA",http://www.thipkhao.com/,38.9329915,-77.0329838,ChIJZ_aTmBjIt4kRBOOprOJHSwk,https://maps.google.com/?cid=669708008479646468&g_mp=Cidnb29nbGUubWFwcy5wbGFjZXMudjEuUGxhY2VzLlNlYXJjaFRleHQQAhgEIAA,Thip Khao Restaurant,https://www.opentable.com/r/thip-khao-washington
Washington DC,Bresca,Contemporary French / American,U Street Corridor,"1906 14th St NW, Washington, DC 20009, USA",http://www.brescadc.com/,38.9158067,-77.0321954,ChIJIfKOC-i3t4kRjYSije_nwy0,https://maps.google.com/?cid=3297734368224773261&g_mp=Cidnb29nbGUubWFwcy5wbGFjZXMudjEuUGxhY2VzLlNlYXJjaFRleHQQAhgEIAA,BRESCA,https://www.opentable.com/r/bresca-washington
Washington DC,Elmina,African,U Street Corridor,"2208 14th St NW, Washington, DC 20009, USA",https://www.elminarestaurant.com/,38.9195509,-77.0323219,ChIJq0uCMQC3t4kRNvqH6Qi-XLw,https://maps.google.com/?cid=13572932322474850870&g_mp=Cidnb29nbGUubWFwcy5wbGFjZXMudjEuUGxhY2VzLlNlYXJjaFRleHQQAhgEIAA,Elmina,https://www.opentable.com/r/elmina-washington
Washington DC,Causa,Peruvian,Shaw,"920 Blagden Alley NW 1st Floor, Washington, DC 20001, USA",https://causadc.com/,38.9069113,-77.0247957,ChIJP1ej4ae3t4kRZmPbTsaTz_w,https://maps.google.com/?cid=18216941497672754022&g_mp=Cidnb29nbGUubWFwcy5wbGFjZXMudjEuUGxhY2VzLlNlYXJjaFRleHQQAhgEIAA,Causa,https://www.opentable.com/r/causa-washington
Washington DC,Service Bar,Cocktail Bar,Mount Vernon Square,"926-928 U St NW, Washington, DC 20001, USA",http://www.servicebardc.com/,38.9168693,-77.0250256,ChIJfwVroeW3t4kRPqFvM6RDkwM,https://maps.google.com/?cid=257623976206901566&g_mp=Cidnb29nbGUubWFwcy5wbGFjZXMudjEuUGxhY2VzLlNlYXJjaFRleHQQAhgEIAA,Service Bar DC,https://www.opentable.com/r/service-bar-washington
Washington DC,Xiquet by Danny Lledó,Spanish,Georgetown,"2404 Wisconsin Ave NW, Washington, DC 20007, USA",https://www.xiquetdl.com/,38.9212801,-77.0724259,ChIJZZNZ9Lu3t4kRsIt1tM8JHjk,https://maps.google.com/?cid=4115737897153694640&g_mp=Cidnb29nbGUubWFwcy5wbGFjZXMudjEuUGxhY2VzLlNlYXJjaFRleHQQAhgEIAA,Xiquet by Danny Lledó,https://www.opentable.com/r/xiquet-by-danny-lledo-washington
Washington DC,El Taller del Xiquet,Spanish,Georgetown,"2404 Wisconsin Ave NW 1st Floor, Washington, DC 20007, USA",https://www.eltallerdelxiquet.com/,38.9212801,-77.0724259,ChIJ_zFKIZm3t4kRQYWQ-aQ8JaY,https://maps.google.com/?cid=11972041863693632833&g_mp=Cidnb29nbGUubWFwcy5wbGFjZXMudjEuUGxhY2VzLlNlYXJjaFRleHQQAhgEIAA,El Taller del Xiquet,https://www.opentable.com/r/el-estudio-xiquet-washington
Washington DC,The Duck and the Peach,American,Capitol Hill,"300 7th St SE, Washington, DC 20003, USA",https://www.duckandpeachdc.com/,38.885751,-76.995919,ChIJW5uj0Wa5t4kRrtj5oAIzhN0,https://maps.google.com/?cid=15961939065691560110&g_mp=Cidnb29nbGUubWFwcy5wbGFjZXMudjEuUGxhY2VzLlNlYXJjaFRleHQQAhgEIAA,The Duck & The Peach,https://www.opentable.com/r/the-duck-and-the-peach-washington
Washington DC,The Ruxton,Steakhouse,Harbor East,"720 Aliceanna St, Baltimore, MD 21202, USA",http://theruxtonsteakhouse.com/,39.2833771,-76.6023062,ChIJ_ZJNrTsDyIkRCpsnfbfbcO0,https://maps.google.com/?cid=17109416565505760010&g_mp=Cidnb29nbGUubWFwcy5wbGFjZXMudjEuUGxhY2VzLlNlYXJjaFRleHQQAhgEIAA,The Ruxton Steakhouse,https://www.opentable.com/r/the-ruxton-baltimore
Washington DC,Azumi,Japanese,Harbor East,"725 Aliceanna St, Baltimore, MD 21202, USA",http://www.azumirestaurant.com/,39.2827766,-76.6029077,ChIJh1DOXHwDyIkRKxZW6cqsm98,https://maps.google.com/?cid=16112662079346185771&g_mp=Cidnb29nbGUubWFwcy5wbGFjZXMudjEuUGxhY2VzLlNlYXJjaFRleHQQAhgEIAA,Azumi,https://www.opentable.com/r/ouzo-bay-baltimore
Washington DC,MARTA,Contemporary American,Upper Fells Point,"2127 E Pratt St, Baltimore, MD 21231, USA",https://www.martabaltimore.com/,39.2894173,-76.5862162,ChIJgf33WusFyIkR8wn68GyorB4,https://maps.google.com/?cid=2210326702984923635&g_mp=Cidnb29nbGUubWFwcy5wbGFjZXMudjEuUGxhY2VzLlNlYXJjaFRleHQQAhgEIAA,Marta Fine Food and Spirits,https://www.opentable.com/r/marta-baltimore
Washington DC,Cypriana - Homewood,Mediterranean,Hampden,"105 W 39th St, Baltimore, MD 21210, USA",https://cypriana.com/,39.3361868,-76.6215818,ChIJWwy0uCMFyIkRVj0E94C_N7k,https://maps.google.com/?cid=13346346581356723542&g_mp=Cidnb29nbGUubWFwcy5wbGFjZXMudjEuUGxhY2VzLlNlYXJjaFRleHQQAhgEIAA,Cypriana - Baltimore,https://www.opentable.com/r/cypriana-homewood-baltimore
West Palm Beach,Stage Kitchen & Bar - Boca,American,Boca Raton,"5377 Town Center Rd suite 200, Boca Raton, FL 33486, USA",https://www.stagekitchenandbar.com/,26.3641742,-80.1285243,ChIJdxc7YQAf2YgRMoma7akHY_s,https://maps.google.com/?cid=18114330552631462194&g_mp=Cidnb29nbGUubWFwcy5wbGFjZXMudjEuUGxhY2VzLlNlYXJjaFRleHQQAhgEIAA,Stage Kitchen & Bar Boca Raton,https://www.opentable.com/r/stage-kitchen-and-bar-boca-raton
West Palm Beach,The Butcher's Club at PGA National Resort,Steak,Palm Beach Gardens,"400 Ave of the Champions, Palm Beach Gardens, FL 33418, USA",https://www.pgaresort.com/dining/the-butchers-club/?utm_source=google&utm_medium=listing&utm_campaign=google_business,26.8291069,-80.1411228,ChIJQSwyIwfV3ogRkFBauIWcfpU,https://maps.google.com/?cid=10772219456854315152&g_mp=Cidnb29nbGUubWFwcy5wbGFjZXMudjEuUGxhY2VzLlNlYXJjaFRleHQQAhgEIAA,The Butcher’s Club,https://www.opentable.com/r/the-butchers-club-at-pga-national-resort-palm-beach-gardens
West Palm Beach,Nicholson Muir Meats,Steakhouse,Boynton Beach,"480 E Ocean Ave, Boynton Beach, FL 33435, USA",http://nicholsonmuir.com/,26.5269803,-80.0596169,ChIJccTalgff2IgRjz0PzLmMNNA,https://maps.google.com/?cid=15002770988298354063&g_mp=Cidnb29nbGUubWFwcy5wbGFjZXMudjEuUGxhY2VzLlNlYXJjaFRleHQQAhgEIAA,NICHOLSON MUIR,https://www.opentable.com/r/nicholson-muir-meats-boynton-beach
West Palm Beach,Taki Omakase - Delray,Sushi,Delray Beach,"632 E Atlantic Ave, Delray Beach, FL 33483, USA",https://takiomakase.com/delray/?utm_source=GBP&utm_medium=organic-traffic,26.461474,-80.066438,ChIJAQAQzNrf2IgR02cVYNuGa9w,https://maps.google.com/?cid=15882936787620161491&g_mp=Cidnb29nbGUubWFwcy5wbGFjZXMudjEuUGxhY2VzLlNlYXJjaFRleHQQAhgEIAA,Taki Omakase,https://www.opentable.com/r/taki-omakase-delray-delray-beach